Date,Close
2015-01-02 00:00:00-05:00,-1.0794462781105136
2015-01-05 00:00:00-05:00,-1.089442678957794
2015-01-06 00:00:00-05:00,-1.089410202962246
2015-01-07 00:00:00-05:00,-1.0845742851161877
2015-01-08 00:00:00-05:00,-1.0711374880584483
2015-01-09 00:00:00-05:00,-1.0707480265694218
2015-01-12 00:00:00-05:00,-1.079705919103198
2015-01-13 00:00:00-05:00,-1.076557723366821
2015-01-14 00:00:00-05:00,-1.0779208524927224
2015-01-15 00:00:00-05:00,-1.087592743842072
2015-01-16 00:00:00-05:00,-1.0902863869552435
2015-01-20 00:00:00-05:00,-1.0814260337225776
2015-01-21 00:00:00-05:00,-1.0787323071235566
2015-01-22 00:00:00-05:00,-1.0694824089160144
2015-01-23 00:00:00-05:00,-1.0675998030044285
2015-01-26 00:00:00-05:00,-1.0672103136867854
2015-01-27 00:00:00-05:00,-1.0800629045966765
2015-01-28 00:00:00-05:00,-1.0600376547351844
2015-01-29 00:00:00-05:00,-1.0483860077737706
2015-01-30 00:00:00-05:00,-1.0540332689361969
2015-02-02 00:00:00-05:00,-1.0492623587384675
2015-02-03 00:00:00-05:00,-1.0491974067473717
2015-02-04 00:00:00-05:00,-1.0462439278411997
2015-02-05 00:00:00-05:00,-1.0434742847761505
2015-02-06 00:00:00-05:00,-1.0467652413155788
2015-02-09 00:00:00-05:00,-1.0441910942819985
2015-02-10 00:00:00-05:00,-1.0366968200085913
2015-02-11 00:00:00-05:00,-1.0273777955174663
2015-02-12 00:00:00-05:00,-1.0222295571075393
2015-02-13 00:00:00-05:00,-1.0202092830297358
2015-02-17 00:00:00-05:00,-1.0177655130648293
2015-02-18 00:00:00-05:00,-1.0148655485883393
2015-02-19 00:00:00-05:00,-1.0157452389870258
2015-02-20 00:00:00-05:00,-1.0123239332075402
2015-02-23 00:00:00-05:00,-1.0009195435044331
2015-02-24 00:00:00-05:00,-1.0036239562922207
2015-02-25 00:00:00-05:00,-1.014637465246856
2015-02-26 00:00:00-05:00,-1.0093262068010074
2015-02-27 00:00:00-05:00,-1.0157125403625453
2015-03-02 00:00:00-05:00,-1.0136599294322768
2015-03-03 00:00:00-05:00,-1.0127802390335903
2015-03-04 00:00:00-05:00,-1.0154519810255138
2015-03-05 00:00:00-05:00,-1.0223925214862273
2015-03-06 00:00:00-05:00,-1.0217734460818053
2015-03-09 00:00:00-04:00,-1.0200137869982666
2015-03-10 00:00:00-04:00,-1.0285833590162958
2015-03-11 00:00:00-04:00,-1.0359798991882767
2015-03-12 00:00:00-04:00,-1.0287788272191485
2015-03-13 00:00:00-04:00,-1.0315810297655956
2015-03-16 00:00:00-04:00,-1.0271496565187497
2015-03-17 00:00:00-04:00,-1.0203396600984096
2015-03-18 00:00:00-04:00,-1.0156801200242305
2015-03-19 00:00:00-04:00,-1.018840699494985
2015-03-20 00:00:00-04:00,-1.024054168182174
2015-03-23 00:00:00-04:00,-1.019785703656783
2015-03-24 00:00:00-04:00,-1.0214799933199772
2015-03-25 00:00:00-04:00,-1.0322653354472793
2015-03-26 00:00:00-04:00,-1.0294631607294487
2015-03-27 00:00:00-04:00,-1.0326889148202318
2015-03-30 00:00:00-04:00,-1.022522759411818
2015-03-31 00:00:00-04:00,-1.0288440574964102
2015-04-01 00:00:00-04:00,-1.0294305455908177
2015-04-02 00:00:00-04:00,-1.0259441486771534
2015-04-06 00:00:00-04:00,-1.019329481316583
2015-04-07 00:00:00-04:00,-1.0236958469150996
2015-04-08 00:00:00-04:00,-1.0250316761681366
2015-04-09 00:00:00-04:00,-1.0219037118360128
2015-04-10 00:00:00-04:00,-1.0201442197241735
2015-04-13 00:00:00-04:00,-1.0209587633314479
2015-04-14 00:00:00-04:00,-1.0227508984105347
2015-04-15 00:00:00-04:00,-1.0211867631870817
2015-04-16 00:00:00-04:00,-1.0231743942976377
2015-04-17 00:00:00-04:00,-1.0278014583762687
2015-04-20 00:00:00-04:00,-1.0185148542234586
2015-04-21 00:00:00-04:00,-1.0207632394713622
2015-04-22 00:00:00-04:00,-1.0151914495170988
2015-04-23 00:00:00-04:00,-1.0117700880803802
2015-04-24 00:00:00-04:00,-1.0097824291412076
2015-04-27 00:00:00-04:00,-1.0020600993549333
2015-04-28 00:00:00-04:00,-1.0088700957752736
2015-04-29 00:00:00-04:00,-1.015126302725687
2015-04-30 00:00:00-04:00,-1.0264979938043135
2015-05-01 00:00:00-04:00,-1.0141160404580105
2015-05-04 00:00:00-04:00,-1.0149306675511347
2015-05-05 00:00:00-04:00,-1.0243800691109335
2015-05-06 00:00:00-04:00,-1.026954132658664
2015-05-07 00:00:00-04:00,-1.0244347523425117
2015-05-08 00:00:00-04:00,-1.016712784328253
2015-05-11 00:00:00-04:00,-1.020966360543774
2015-05-12 00:00:00-04:00,-1.0224387448183654
2015-05-13 00:00:00-04:00,-1.0219807692753207
2015-05-14 00:00:00-04:00,-1.0123610287534404
2015-05-15 00:00:00-04:00,-1.0129499935947237
2015-05-18 00:00:00-04:00,-1.0083037277706528
2015-05-19 00:00:00-04:00,-1.0086963060647363
2015-05-20 00:00:00-04:00,-1.0087289768606003
2015-05-21 00:00:00-04:00,-1.0043772769430208
2015-05-22 00:00:00-04:00,-1.0006145975239578
2015-05-26 00:00:00-04:00,-1.0101687738251772
2015-05-27 00:00:00-04:00,-1.0022505862354183
2015-05-28 00:00:00-04:00,-1.003101223558396
2015-05-29 00:00:00-04:00,-1.0080093010072444
2015-06-01 00:00:00-04:00,-1.0071584688839506
2015-06-02 00:00:00-04:00,-1.009056130077106
2015-06-03 00:00:00-04:00,-1.008532701627867
2015-06-04 00:00:00-04:00,-1.011019550291238
2015-06-05 00:00:00-04:00,-1.0133426275460402
2015-06-08 00:00:00-04:00,-1.0161238473155865
2015-06-09 00:00:00-04:00,-1.0173673133901968
2015-06-10 00:00:00-04:00,-1.0125901417537373
2015-06-11 00:00:00-04:00,-1.0135389027787736
2015-06-12 00:00:00-04:00,-1.018185196431461
2015-06-15 00:00:00-04:00,-1.0190031907871913
2015-06-16 00:00:00-04:00,-1.0167781815772143
2015-06-17 00:00:00-04:00,-1.0177598360270472
2015-06-18 00:00:00-04:00,-1.0158620635194255
2015-06-19 00:00:00-04:00,-1.0200503538004517
2015-06-22 00:00:00-04:00,-1.0167455107813503
2015-06-23 00:00:00-04:00,-1.0186432832889718
2015-06-24 00:00:00-04:00,-1.0151094107554233
2015-06-25 00:00:00-04:00,-1.017105390450953
2015-06-26 00:00:00-04:00,-1.0195595404898434
2015-06-29 00:00:00-04:00,-1.026823365989358
2015-06-30 00:00:00-04:00,-1.023878486125709
2015-07-01 00:00:00-04:00,-1.0200503538004517
2015-07-02 00:00:00-04:00,-1.020573698763841
2015-07-06 00:00:00-04:00,-1.022013495728418
2015-07-07 00:00:00-04:00,-1.0230277653168818
2015-07-08 00:00:00-04:00,-1.0332364428514285
2015-07-09 00:00:00-04:00,-1.0414164142373483
2015-07-10 00:00:00-04:00,-1.0309132821107765
2015-07-13 00:00:00-04:00,-1.0231259446761733
2015-07-14 00:00:00-04:00,-1.023289465627193
2015-07-15 00:00:00-04:00,-1.0193304274895465
2015-07-16 00:00:00-04:00,-1.0138007700607843
2015-07-17 00:00:00-04:00,-1.0101687738251772
2015-07-20 00:00:00-04:00,-1.0021524068761267
2015-07-21 00:00:00-04:00,-1.0064713525119924
2015-07-22 00:00:00-04:00,-1.0245655190118177
2015-07-23 00:00:00-04:00,-1.0247619055590174
2015-07-24 00:00:00-04:00,-1.0269213505483337
2015-07-27 00:00:00-04:00,-1.0325820529325676
2015-07-28 00:00:00-04:00,-1.0305861567228876
2015-07-29 00:00:00-04:00,-1.0318622101075123
2015-07-30 00:00:00-04:00,-1.0338907771130563
2015-07-31 00:00:00-04:00,-1.037391895364891
2015-08-03 00:00:00-04:00,-1.0467497686047607
2015-08-04 00:00:00-04:00,-1.059183427520668
2015-08-05 00:00:00-04:00,-1.056696829314846
2015-08-06 00:00:00-04:00,-1.0558749946100279
2015-08-07 00:00:00-04:00,-1.0545932085303877
2015-08-10 00:00:00-04:00,-1.0407884893328543
2015-08-11 00:00:00-04:00,-1.0612654254700442
2015-08-12 00:00:00-04:00,-1.0555134173948137
2015-08-13 00:00:00-04:00,-1.0558093190749007
2015-08-14 00:00:00-04:00,-1.0531469274981478
2015-08-17 00:00:00-04:00,-1.0492027776703714
2015-08-18 00:00:00-04:00,-1.0513721296471898
2015-08-19 00:00:00-04:00,-1.056269437421422
2015-08-20 00:00:00-04:00,-1.0640262746922544
2015-08-21 00:00:00-04:00,-1.086672479320413
2015-08-24 00:00:00-04:00,-1.0953496645987544
2015-08-25 00:00:00-04:00,-1.0933118306638894
2015-08-26 00:00:00-04:00,-1.073755326020058
2015-08-27 00:00:00-04:00,-1.063138903595392
2015-08-28 00:00:00-04:00,-1.0619227652222625
2015-08-31 00:00:00-04:00,-1.0636648087915066
2015-09-01 00:00:00-04:00,-1.0802303215540172
2015-09-02 00:00:00-04:00,-1.06504524731692
2015-09-03 00:00:00-04:00,-1.0715202150222627
2015-09-04 00:00:00-04:00,-1.0751357367168548
2015-09-08 00:00:00-04:00,-1.0651438441054604
2015-09-09 00:00:00-04:00,-1.072243369452691
2015-09-10 00:00:00-04:00,-1.0642891994616952
2015-09-11 00:00:00-04:00,-1.058898824258912
2015-09-14 00:00:00-04:00,-1.0552834417074028
2015-09-15 00:00:00-04:00,-1.0520952005917683
2015-09-16 00:00:00-04:00,-1.0516680034986605
2015-09-17 00:00:00-04:00,-1.0598520935198341
2015-09-18 00:00:00-04:00,-1.0613968878547644
2015-09-21 00:00:00-04:00,-1.055612069840587
2015-09-22 00:00:00-04:00,-1.0615611880070484
2015-09-23 00:00:00-04:00,-1.0585374418440139
2015-09-24 00:00:00-04:00,-1.0563023030176022
2015-09-25 00:00:00-04:00,-1.0572554887926744
2015-09-28 00:00:00-04:00,-1.0647165078692695
2015-09-29 00:00:00-04:00,-1.07582596989387
2015-09-30 00:00:00-04:00,-1.0717503298527566
2015-10-01 00:00:00-04:00,-1.0741168754066555
2015-10-02 00:00:00-04:00,-1.0714874050833159
2015-10-05 00:00:00-04:00,-1.0701726420930293
2015-10-06 00:00:00-04:00,-1.068430626352402
2015-10-07 00:00:00-04:00,-1.0701726420930293
2015-10-08 00:00:00-04:00,-1.0743798280047128
2015-10-09 00:00:00-04:00,-1.0657683182614985
2015-10-12 00:00:00-04:00,-1.0674774962345628
2015-10-13 00:00:00-04:00,-1.066853049907141
2015-10-14 00:00:00-04:00,-1.072046203704227
2015-10-15 00:00:00-04:00,-1.0666229350766472
2015-10-16 00:00:00-04:00,-1.069318080935114
2015-10-19 00:00:00-04:00,-1.067050215655605
2015-10-20 00:00:00-04:00,-1.0603450496339188
2015-10-21 00:00:00-04:00,-1.0603779430587155
2015-10-22 00:00:00-04:00,-1.0546589118941314
2015-10-23 00:00:00-04:00,-1.0428921101173125
2015-10-26 00:00:00-04:00,-1.0553819828387099
2015-10-27 00:00:00-04:00,-1.057781393988789
2015-10-28 00:00:00-04:00,-1.0422676359612744
2015-10-29 00:00:00-04:00,-1.038126181241951
2015-10-30 00:00:00-04:00,-1.041511671591899
2015-11-02 00:00:00-05:00,-1.0359897505185458
2015-11-03 00:00:00-05:00,-1.0314210987061145
2015-11-04 00:00:00-05:00,-1.0332945211742295
2015-11-05 00:00:00-05:00,-1.0351430370305057
2015-11-06 00:00:00-05:00,-1.0346809985094405
2015-11-09 00:00:00-05:00,-1.0362983977050262
2015-11-10 00:00:00-05:00,-1.0488417848561054
2015-11-11 00:00:00-05:00,-1.0510202924477785
2015-11-12 00:00:00-05:00,-1.052307672079351
2015-11-13 00:00:00-05:00,-1.0634648045241517
2015-11-16 00:00:00-05:00,-1.057391097641265
2015-11-17 00:00:00-05:00,-1.0590084690082342
2015-11-18 00:00:00-05:00,-1.0471253157854976
2015-11-19 00:00:00-05:00,-1.0422069974057482
2015-11-20 00:00:00-05:00,-1.0404905283351402
2015-11-23 00:00:00-05:00,-1.0456068751504677
2015-11-24 00:00:00-05:00,-1.0418768665272686
2015-11-25 00:00:00-05:00,-1.044682686793871
2015-11-27 00:00:00-05:00,-1.0454088188862731
2015-11-30 00:00:00-05:00,-1.0437914196906874
2015-12-01 00:00:00-05:00,-1.0469603199177993
2015-12-02 00:00:00-05:00,-1.0504591562230745
2015-12-03 00:00:00-05:00,-1.054024196807192
2015-12-04 00:00:00-05:00,-1.0413818789241736
2015-12-07 00:00:00-05:00,-1.0438574013405968
2015-12-08 00:00:00-05:00,-1.044022480694145
2015-12-09 00:00:00-05:00,-1.0526377473005974
2015-12-10 00:00:00-05:00,-1.0508223474980503
2015-12-11 00:00:00-05:00,-1.0606919611681955
2015-12-14 00:00:00-05:00,-1.063002599031387
2015-12-15 00:00:00-05:00,-1.0695713491746017
2015-12-16 00:00:00-05:00,-1.0667655845652324
2015-12-17 00:00:00-05:00,-1.0745556492042605
2015-12-18 00:00:00-05:00,-1.0842932160887373
2015-12-21 00:00:00-05:00,-1.0800021268980675
2015-12-22 00:00:00-05:00,-1.080332257776547
2015-12-23 00:00:00-05:00,-1.0757770471859236
2015-12-24 00:00:00-05:00,-1.0776915168634928
2015-12-28 00:00:00-05:00,-1.0816856190580288
2015-12-29 00:00:00-05:00,-1.0753479577468883
2015-12-30 00:00:00-05:00,-1.0800352151231802
2015-12-31 00:00:00-05:00,-1.0868349706126192
2016-01-04 00:00:00-05:00,-1.0865379279592524
2016-01-05 00:00:00-05:00,-1.0952521809548772
2016-01-06 00:00:00-05:00,-1.1018870518910842
2016-01-07 00:00:00-05:00,-1.1159158471093138
2016-01-08 00:00:00-05:00,-1.1142323271207357
2016-01-11 00:00:00-05:00,-1.1090500264841157
2016-01-12 00:00:00-05:00,-1.1043297087113275
2016-01-13 00:00:00-05:00,-1.1128130120179611
2016-01-14 00:00:00-05:00,-1.1057821120392148
2016-01-15 00:00:00-05:00,-1.113671190896032
2016-01-19 00:00:00-05:00,-1.1152226084417083
2016-01-20 00:00:00-05:00,-1.1147934911740562
2016-01-21 00:00:00-05:00,-1.1164110295127248
2016-01-22 00:00:00-05:00,-1.0995104880352167
2016-01-25 00:00:00-05:00,-1.1060461499533187
2016-01-26 00:00:00-05:00,-1.1042306388363052
2016-01-27 00:00:00-05:00,-1.1259174519078945
2016-01-28 00:00:00-05:00,-1.1237059395769584
2016-01-29 00:00:00-05:00,-1.1129780635428925
2016-02-01 00:00:00-05:00,-1.1159818009306066
2016-02-02 00:00:00-05:00,-1.1224185877740025
2016-02-03 00:00:00-05:00,-1.116245866673327
2016-02-04 00:00:00-05:00,-1.1136904761273212
2016-02-05 00:00:00-05:00,-1.1222529240195063
2016-02-08 00:00:00-05:00,-1.1189672270886115
2016-02-09 00:00:00-05:00,-1.119033793139469
2016-02-10 00:00:00-05:00,-1.1214231859875796
2016-02-11 00:00:00-05:00,-1.123315003171253
2016-02-12 00:00:00-05:00,-1.1223524669810103
2016-02-16 00:00:00-05:00,-1.1135577057976216
2016-02-17 00:00:00-05:00,-1.1086458436569187
2016-02-18 00:00:00-05:00,-1.11481884304376
2016-02-19 00:00:00-05:00,-1.1155489824569496
2016-02-22 00:00:00-05:00,-1.112761167305274
2016-02-23 00:00:00-05:00,-1.1200293897262081
2016-02-24 00:00:00-05:00,-1.1153499243625582
2016-02-25 00:00:00-05:00,-1.1131594226371395
2016-02-26 00:00:00-05:00,-1.11266162434377
2016-02-29 00:00:00-05:00,-1.1133917637569597
2016-03-01 00:00:00-05:00,-1.1006475096514114
2016-03-02 00:00:00-05:00,-1.0999173980668384
2016-03-03 00:00:00-05:00,-1.0974282396282913
2016-03-04 00:00:00-05:00,-1.0924169458405506
2016-03-07 00:00:00-05:00,-1.0962003297503486
2016-03-08 00:00:00-05:00,-1.0989881727306408
2016-03-09 00:00:00-05:00,-1.0986895160175123
2016-03-10 00:00:00-05:00,-1.0985234904910006
2016-03-11 00:00:00-05:00,-1.094906020793248
2016-03-14 00:00:00-04:00,-1.0940431667075918
2016-03-15 00:00:00-04:00,-1.0872064826439523
2016-03-16 00:00:00-04:00,-1.0825934163594604
2016-03-17 00:00:00-04:00,-1.0831575302461383
2016-03-18 00:00:00-04:00,-1.0827592470856562
2016-03-21 00:00:00-04:00,-1.0827924744538517
2016-03-22 00:00:00-04:00,-1.0801041744350635
2016-03-23 00:00:00-04:00,-1.0820622515548124
2016-03-24 00:00:00-04:00,-1.0835889294603498
2016-03-28 00:00:00-04:00,-1.0851820621022783
2016-03-29 00:00:00-04:00,-1.0769180482942893
2016-03-30 00:00:00-04:00,-1.070678844628606
2016-03-31 00:00:00-04:00,-1.0725705226691966
2016-04-01 00:00:00-04:00,-1.0692517096845724
2016-04-04 00:00:00-04:00,-1.0655014696571203
2016-04-05 00:00:00-04:00,-1.0698490787680626
2016-04-06 00:00:00-04:00,-1.0660324953186855
2016-04-07 00:00:00-04:00,-1.0740640288637715
2016-04-08 00:00:00-04:00,-1.0736657457032894
2016-04-11 00:00:00-04:00,-1.0724709240504595
2016-04-12 00:00:00-04:00,-1.0677582591472308
2016-04-13 00:00:00-04:00,-1.0624481695032786
2016-04-14 00:00:00-04:00,-1.0622490279230377
2016-04-15 00:00:00-04:00,-1.0697162806097464
2016-04-18 00:00:00-04:00,-1.077581844285554
2016-04-19 00:00:00-04:00,-1.079473633640611
2016-04-20 00:00:00-04:00,-1.0787434663988047
2016-04-21 00:00:00-04:00,-1.0825934163594604
2016-04-22 00:00:00-04:00,-1.0835557299207708
2016-04-25 00:00:00-04:00,-1.0855469509228655
2016-04-26 00:00:00-04:00,-1.087969682453638
2016-04-27 00:00:00-04:00,-1.109641495900891
2016-04-28 00:00:00-04:00,-1.1195647353151843
2016-04-29 00:00:00-04:00,-1.1231822328415535
2016-05-02 00:00:00-04:00,-1.123514033437028
2016-05-03 00:00:00-04:00,-1.1184030575447004
2016-05-04 00:00:00-04:00,-1.121688643161129
2016-05-05 00:00:00-04:00,-1.1229575445912927
2016-05-06 00:00:00-04:00,-1.1246939111227547
2016-05-09 00:00:00-04:00,-1.124460150743489
2016-05-10 00:00:00-04:00,-1.1223565299590308
2016-05-11 00:00:00-04:00,-1.1253949974602357
2016-05-12 00:00:00-04:00,-1.1326406787017407
2016-05-13 00:00:00-04:00,-1.1320396640694785
2016-05-16 00:00:00-04:00,-1.1208206129527891
2016-05-17 00:00:00-04:00,-1.1221228252369984
2016-05-18 00:00:00-04:00,-1.118550048297472
2016-05-19 00:00:00-04:00,-1.1197520775619958
2016-05-20 00:00:00-04:00,-1.116346272321945
2016-05-23 00:00:00-04:00,-1.11230611376697
2016-05-24 00:00:00-04:00,-1.1073978693464224
2016-05-25 00:00:00-04:00,-1.1016546829426475
2016-05-26 00:00:00-04:00,-1.0990168362057176
2016-05-27 00:00:00-04:00,-1.0992172579023212
2016-05-31 00:00:00-04:00,-1.1008533579282482
2016-06-01 00:00:00-04:00,-1.10552792545538
2016-06-02 00:00:00-04:00,-1.1079988561500678
2016-06-03 00:00:00-04:00,-1.1073310528380156
2016-06-06 00:00:00-04:00,-1.1049602773343965
2016-06-07 00:00:00-04:00,-1.1036247263675254
2016-06-08 00:00:00-04:00,-1.103925164112115
2016-06-09 00:00:00-04:00,-1.1015544999229623
2016-06-10 00:00:00-04:00,-1.104292557508194
2016-06-13 00:00:00-04:00,-1.1092677019229984
2016-06-14 00:00:00-04:00,-1.1088669698442573
2016-06-15 00:00:00-04:00,-1.109935477406434
2016-06-16 00:00:00-04:00,-1.1085665877569009
2016-06-17 00:00:00-04:00,-1.1159789624117156
2016-06-20 00:00:00-04:00,-1.1167470600579192
2016-06-21 00:00:00-04:00,-1.1140423689839658
2016-06-22 00:00:00-04:00,-1.115244453905723
2016-06-23 00:00:00-04:00,-1.113408071326275
2016-06-24 00:00:00-04:00,-1.1224232908102045
2016-06-27 00:00:00-04:00,-1.1269643922922221
2016-06-28 00:00:00-04:00,-1.1217889374952805
2016-06-29 00:00:00-04:00,-1.1190842742499436
2016-06-30 00:00:00-04:00,-1.1150776213493303
2016-07-01 00:00:00-04:00,-1.1141092133209891
2016-07-05 00:00:00-04:00,-1.117114286482299
2016-07-06 00:00:00-04:00,-1.1153112425855132
2016-07-07 00:00:00-04:00,-1.1139423251073635
2016-07-08 00:00:00-04:00,-1.1114714500699088
2016-07-11 00:00:00-04:00,-1.1104695642158229
2016-07-12 00:00:00-04:00,-1.1090004915466045
2016-07-13 00:00:00-04:00,-1.1108369854405187
2016-07-14 00:00:00-04:00,-1.1044260792105414
2016-07-15 00:00:00-04:00,-1.1044594178932032
2016-07-18 00:00:00-04:00,-1.1009534852907004
2016-07-19 00:00:00-04:00,-1.1008199079311198
2016-07-20 00:00:00-04:00,-1.1005194423579139
2016-07-21 00:00:00-04:00,-1.102289008428955
2016-07-22 00:00:00-04:00,-1.1048601221433278
2016-07-25 00:00:00-04:00,-1.1092677019229984
2016-07-26 00:00:00-04:00,-1.111504844409804
2016-07-27 00:00:00-04:00,-1.09053584267426
2016-07-28 00:00:00-04:00,-1.085894669487023
2016-07-29 00:00:00-04:00,-1.0863287124198096
2016-08-01 00:00:00-04:00,-1.0801848495945268
2016-08-02 00:00:00-04:00,-1.085427065242642
2016-08-03 00:00:00-04:00,-1.0810530746031826
2016-08-04 00:00:00-04:00,-1.0788709492913544
2016-08-05 00:00:00-04:00,-1.0734660197221002
2016-08-08 00:00:00-04:00,-1.0704782559603028
2016-08-09 00:00:00-04:00,-1.0690011686495096
2016-08-10 00:00:00-04:00,-1.0717202192896178
2016-08-11 00:00:00-04:00,-1.071955398928329
2016-08-12 00:00:00-04:00,-1.0711160600236824
2016-08-15 00:00:00-04:00,-1.0667517815714092
2016-08-16 00:00:00-04:00,-1.0670875338304378
2016-08-17 00:00:00-04:00,-1.067624709616267
2016-08-18 00:00:00-04:00,-1.068094623635824
2016-08-19 00:00:00-04:00,-1.067154656453627
2016-08-22 00:00:00-04:00,-1.0700082027976627
2016-08-23 00:00:00-04:00,-1.0688667564314318
2016-08-24 00:00:00-04:00,-1.0716195631834506
2016-08-25 00:00:00-04:00,-1.0731638009460496
2016-08-26 00:00:00-04:00,-1.0752788314633053
2016-08-29 00:00:00-04:00,-1.0756816785169065
2016-08-30 00:00:00-04:00,-1.0784345130975421
2016-08-31 00:00:00-04:00,-1.0780987608385135
2016-09-01 00:00:00-04:00,-1.0759838138071074
2016-09-02 00:00:00-04:00,-1.0726267086460701
2016-09-06 00:00:00-04:00,-1.0727275038953201
2016-09-07 00:00:00-04:00,-1.0705116781288144
2016-09-08 00:00:00-04:00,-1.0800459013119466
2016-09-09 00:00:00-04:00,-1.0880693923868414
2016-09-12 00:00:00-04:00,-1.0803145309477862
2016-09-13 00:00:00-04:00,-1.07188819281929
2016-09-14 00:00:00-04:00,-1.0590640149269264
2016-09-15 00:00:00-04:00,-1.0463070988008347
2016-09-16 00:00:00-04:00,-1.0484892797698961
2016-09-19 00:00:00-04:00,-1.0529877478113145
2016-09-20 00:00:00-04:00,-1.053021253465676
2016-09-21 00:00:00-04:00,-1.0530884595747148
2016-09-22 00:00:00-04:00,-1.0494963695752824
2016-09-23 00:00:00-04:00,-1.0559083889499228
2016-09-26 00:00:00-04:00,-1.055337596195266
2016-09-27 00:00:00-04:00,-1.0546326695086972
2016-09-28 00:00:00-04:00,-1.0517456453389165
2016-09-29 00:00:00-04:00,-1.0576876950367666
2016-09-30 00:00:00-04:00,-1.0547670260695416
2016-10-03 00:00:00-04:00,-1.0565462764991524
2016-10-04 00:00:00-04:00,-1.054934860456131
2016-10-05 00:00:00-04:00,-1.0547670260695416
2016-10-06 00:00:00-04:00,-1.0519470132084838
2016-10-07 00:00:00-04:00,-1.0513763874255264
2016-10-10 00:00:00-04:00,-1.04469571058643
2016-10-11 00:00:00-04:00,-1.0438563995104
2016-10-12 00:00:00-04:00,-1.040365076931601
2016-10-13 00:00:00-04:00,-1.0415735624351714
2016-10-14 00:00:00-04:00,-1.0393915206091928
2016-10-17 00:00:00-04:00,-1.039660038930566
2016-10-18 00:00:00-04:00,-1.0399286685664053
2016-10-19 00:00:00-04:00,-1.0411036762442307
2016-10-20 00:00:00-04:00,-1.0413050162851816
2016-10-21 00:00:00-04:00,-1.0428493375336303
2016-10-24 00:00:00-04:00,-1.0393242866715373
2016-10-25 00:00:00-04:00,-1.0373101070607647
2016-10-26 00:00:00-04:00,-1.046240004006262
2016-10-27 00:00:00-04:00,-1.0499663392520728
2016-10-28 00:00:00-04:00,-1.0525178059631408
2016-10-31 00:00:00-04:00,-1.0531219930576927
2016-11-01 00:00:00-04:00,-1.0600040655949732
2016-11-02 00:00:00-04:00,-1.0596683411645613
2016-11-03 00:00:00-04:00,-1.0636837322507806
2016-11-04 00:00:00-04:00,-1.067024362870803
2016-11-07 00:00:00-05:00,-1.0617266847898452
2016-11-08 00:00:00-05:00,-1.0595333445455353
2016-11-09 00:00:00-05:00,-1.0601407875882272
2016-11-10 00:00:00-05:00,-1.0705674466764392
2016-11-11 00:00:00-05:00,-1.0684078903726566
2016-11-14 00:00:00-05:00,-1.0775859907494243
2016-11-15 00:00:00-05:00,-1.0728619995992477
2016-11-16 00:00:00-05:00,-1.0631438849177597
2016-11-17 00:00:00-05:00,-1.0632788258795525
2016-11-18 00:00:00-05:00,-1.0629076756202351
2016-11-21 00:00:00-05:00,-1.0572724920774044
2016-11-22 00:00:00-05:00,-1.0570363384371129
2016-11-23 00:00:00-05:00,-1.0589597132719875
2016-11-25 00:00:00-05:00,-1.0570700945490235
2016-11-28 00:00:00-05:00,-1.0578124507248914
2016-11-29 00:00:00-05:00,-1.0581836009842087
2016-11-30 00:00:00-05:00,-1.0613555345305277
2016-12-01 00:00:00-05:00,-1.0648311339409593
2016-12-02 00:00:00-05:00,-1.063447578610489
2016-12-05 00:00:00-05:00,-1.0661133652784647
2016-12-06 00:00:00-05:00,-1.0632788258795525
2016-12-07 00:00:00-05:00,-1.0596346407098838
2016-12-08 00:00:00-05:00,-1.0559566437710712
2016-12-09 00:00:00-05:00,-1.0497815850666032
2016-12-12 00:00:00-05:00,-1.0519748418250632
2016-12-13 00:00:00-05:00,-1.0455974412494473
2016-12-14 00:00:00-05:00,-1.0455974412494473
2016-12-15 00:00:00-05:00,-1.0434716410575753
2016-12-16 00:00:00-05:00,-1.0429654106933823
2016-12-19 00:00:00-05:00,-1.040704641711101
2016-12-20 00:00:00-05:00,-1.0396585918425039
2016-12-21 00:00:00-05:00,-1.03928733026872
2016-12-22 00:00:00-05:00,-1.0418856325414911
2016-12-23 00:00:00-05:00,-1.0411095202537124
2016-12-27 00:00:00-05:00,-1.0386126254597563
2016-12-28 00:00:00-05:00,-1.0402997075112563
2016-12-29 00:00:00-05:00,-1.040400864532522
2016-12-30 00:00:00-05:00,-1.0434716410575753
2017-01-03 00:00:00-05:00,-1.0423580233079237
2017-01-04 00:00:00-05:00,-1.042796769276912
2017-01-05 00:00:00-05:00,-1.040805910046833
2017-01-06 00:00:00-05:00,-1.0364192573868298
2017-01-09 00:00:00-05:00,-1.032774877416845
2017-01-10 00:00:00-05:00,-1.0323699988742336
2017-01-11 00:00:00-05:00,-1.0302104982276843
2017-01-12 00:00:00-05:00,-1.0318976637650341
2017-01-13 00:00:00-05:00,-1.0326062638289915
2017-01-17 00:00:00-05:00,-1.0293667902302348
2017-01-18 00:00:00-05:00,-1.0294006298279952
2017-01-19 00:00:00-05:00,-1.0301091464061027
2017-01-20 00:00:00-05:00,-1.0293667902302348
2017-01-23 00:00:00-05:00,-1.0290968804780327
2017-01-24 00:00:00-05:00,-1.0294681142231998
2017-01-25 00:00:00-05:00,-1.0230230901092963
2017-01-26 00:00:00-05:00,-1.0228205812664493
2017-01-27 00:00:00-05:00,-1.022786936469005
2017-01-30 00:00:00-05:00,-1.0238667146208962
2017-01-31 00:00:00-05:00,-1.0248114404965283
2017-02-01 00:00:00-05:00,-0.9998414628981531
2017-02-02 00:00:00-05:00,-1.0005837912454045
2017-02-03 00:00:00-05:00,-0.9987279008057346
2017-02-06 00:00:00-05:00,-0.9946449974956941
2017-02-07 00:00:00-05:00,-0.9904607980213052
2017-02-08 00:00:00-05:00,-0.9887400433437441
2017-02-09 00:00:00-05:00,-0.9855204115486084
2017-02-10 00:00:00-05:00,-0.9865371857125642
2017-02-13 00:00:00-05:00,-0.9825719417934208
2017-02-14 00:00:00-05:00,-0.9767089810238888
2017-02-15 00:00:00-05:00,-0.9750484474726052
2017-02-16 00:00:00-05:00,-0.975590743723885
2017-02-17 00:00:00-05:00,-0.9743368975752905
2017-02-21 00:00:00-05:00,-0.9710153852148582
2017-02-22 00:00:00-05:00,-0.9696261250179891
2017-02-23 00:00:00-05:00,-0.9715918271786806
2017-02-24 00:00:00-05:00,-0.9711512723496146
2017-02-27 00:00:00-05:00,-0.9702361004647896
2017-02-28 00:00:00-05:00,-0.9700327289348284
2017-03-01 00:00:00-05:00,-0.9605437829108706
2017-03-02 00:00:00-05:00,-0.9633566438174676
2017-03-03 00:00:00-05:00,-0.9605776781658641
2017-03-06 00:00:00-05:00,-0.9620687910994132
2017-03-07 00:00:00-05:00,-0.961458732166763
2017-03-08 00:00:00-05:00,-0.9632210071402603
2017-03-09 00:00:00-05:00,-0.964305655300053
2017-03-10 00:00:00-05:00,-0.9627466961992837
2017-03-13 00:00:00-04:00,-0.9625432133548563
2017-03-14 00:00:00-04:00,-0.9632550693669533
2017-03-15 00:00:00-04:00,-0.95827324608417
2017-03-16 00:00:00-04:00,-0.9574937108765522
2017-03-17 00:00:00-04:00,-0.9598658778110002
2017-03-20 00:00:00-04:00,-0.9548842214999164
2017-03-21 00:00:00-04:00,-0.9603743622931362
2017-03-22 00:00:00-04:00,-0.9550197468626573
2017-03-23 00:00:00-04:00,-0.9567141200117012
2017-03-24 00:00:00-04:00,-0.9576631871515198
2017-03-27 00:00:00-04:00,-0.9568498123461416
2017-03-28 00:00:00-04:00,-0.9469540676050284
2017-03-29 00:00:00-04:00,-0.945869530759702
2017-03-30 00:00:00-04:00,-0.9465133736328795
2017-03-31 00:00:00-04:00,-0.9474284898604713
2017-04-03 00:00:00-04:00,-0.9472929644977305
2017-04-04 00:00:00-04:00,-0.9436667844429885
2017-04-05 00:00:00-04:00,-0.9462085946241036
2017-04-06 00:00:00-04:00,-0.9474284898604713
2017-04-07 00:00:00-04:00,-0.9485130823630309
2017-04-10 00:00:00-04:00,-0.9490891903834544
2017-04-11 00:00:00-04:00,-0.9543080578222597
2017-04-12 00:00:00-04:00,-0.9537320054590693
2017-04-13 00:00:00-04:00,-0.9562737043257181
2017-04-17 00:00:00-04:00,-0.9536303196940887
2017-04-18 00:00:00-04:00,-0.9557652755008152
2017-04-19 00:00:00-04:00,-0.9575273835026131
2017-04-20 00:00:00-04:00,-0.9515630987401161
2017-04-21 00:00:00-04:00,-0.9521391511033065
2017-04-24 00:00:00-04:00,-0.9474963360276916
2017-04-25 00:00:00-04:00,-0.9444803262200662
2017-04-26 00:00:00-04:00,-0.9473609219794169
2017-04-27 00:00:00-04:00,-0.946987962860022
2017-04-28 00:00:00-04:00,-0.9474622738009986
2017-05-01 00:00:00-04:00,-0.9375328564338244
2017-05-02 00:00:00-04:00,-0.9343810429772923
2017-05-03 00:00:00-04:00,-0.9359060511658349
2017-05-04 00:00:00-04:00,-0.9377022213943257
2017-05-05 00:00:00-04:00,-0.9294668988900298
2017-05-08 00:00:00-04:00,-0.9157418808503792
2017-05-09 00:00:00-04:00,-0.9124204798044132
2017-05-10 00:00:00-04:00,-0.9148944438183081
2017-05-11 00:00:00-04:00,-0.9104026268162522
2017-05-12 00:00:00-04:00,-0.9030862052314028
2017-05-15 00:00:00-04:00,-0.9044475254972263
2017-05-16 00:00:00-04:00,-0.905230177509901
2017-05-17 00:00:00-04:00,-0.9229935730730653
2017-05-18 00:00:00-04:00,-0.9152007812296123
2017-05-19 00:00:00-04:00,-0.9134312151585714
2017-05-22 00:00:00-04:00,-0.9102663779094802
2017-05-23 00:00:00-04:00,-0.910913170616015
2017-05-24 00:00:00-04:00,-0.912478363326898
2017-05-25 00:00:00-04:00,-0.9106749576580966
2017-05-26 00:00:00-04:00,-0.9115595180646845
2017-05-30 00:00:00-04:00,-0.9113554786479254
2017-05-31 00:00:00-04:00,-0.9144521357863975
2017-06-01 00:00:00-04:00,-0.9130229136961207
2017-06-02 00:00:00-04:00,-0.9052982463060538
2017-06-05 00:00:00-04:00,-0.9104704729834723
2017-06-06 00:00:00-04:00,-0.9087012408558303
2017-06-07 00:00:00-04:00,-0.9055704101761989
2017-06-08 00:00:00-04:00,-0.90686349467417
2017-06-09 00:00:00-04:00,-0.927315357227822
2017-06-12 00:00:00-04:00,-0.9394298775687985
2017-06-13 00:00:00-04:00,-0.9354483260803396
2017-06-14 00:00:00-04:00,-0.9403145492898526
2017-06-15 00:00:00-04:00,-0.9432751801504854
2017-06-16 00:00:00-04:00,-0.9501489597600252
2017-06-19 00:00:00-04:00,-0.9362990468891671
2017-06-20 00:00:00-04:00,-0.9408249817751492
2017-06-21 00:00:00-04:00,-0.9378985244556758
2017-06-22 00:00:00-04:00,-0.9387153500095098
2017-06-23 00:00:00-04:00,-0.9365031419631592
2017-06-26 00:00:00-04:00,-0.9380685573029749
2017-06-27 00:00:00-04:00,-0.9451807168421326
2017-06-28 00:00:00-04:00,-0.9380346063907482
2017-06-29 00:00:00-04:00,-0.9453508610038981
2017-06-30 00:00:00-04:00,-0.9441939697554657
2017-07-03 00:00:00-04:00,-0.9459633688548073
2017-07-05 00:00:00-04:00,-0.9439556454830811
2017-07-06 00:00:00-04:00,-0.9485836557346758
2017-07-07 00:00:00-04:00,-0.9436494750434762
2017-07-10 00:00:00-04:00,-0.9406548932706168
2017-07-11 00:00:00-04:00,-0.939055360046875
2017-07-12 00:00:00-04:00,-0.9383408324875863
2017-07-13 00:00:00-04:00,-0.9314327680224208
2017-07-14 00:00:00-04:00,-0.9271110395248972
2017-07-17 00:00:00-04:00,-0.9253415847683225
2017-07-18 00:00:00-04:00,-0.9235721856689809
2017-07-19 00:00:00-04:00,-0.9203732861931967
2017-07-20 00:00:00-04:00,-0.9226874582906935
2017-07-21 00:00:00-04:00,-0.9229255042769124
2017-07-24 00:00:00-04:00,-0.9167319673710356
2017-07-25 00:00:00-04:00,-0.9145202602397835
2017-07-26 00:00:00-04:00,-0.912069950549981
2017-07-27 00:00:00-04:00,-0.9219386458757792
2017-07-28 00:00:00-04:00,-0.9255457354995478
2017-07-31 00:00:00-04:00,-0.9281659667221832
2017-08-01 00:00:00-04:00,-0.9236741497201273
2017-08-02 00:00:00-04:00,-0.8995474070327196
2017-08-03 00:00:00-04:00,-0.9048899448436032
2017-08-04 00:00:00-04:00,-0.9020992355158033
2017-08-07 00:00:00-04:00,-0.8938643582693726
2017-08-08 00:00:00-04:00,-0.8895425184573826
2017-08-09 00:00:00-04:00,-0.886207592703759
2017-08-10 00:00:00-04:00,-0.9036650404562511
2017-08-11 00:00:00-04:00,-0.896285837512399
2017-08-14 00:00:00-04:00,-0.8881891015186677
2017-08-15 00:00:00-04:00,-0.8822104571900158
2017-08-16 00:00:00-04:00,-0.8844311807930395
2017-08-17 00:00:00-04:00,-0.8949876325489772
2017-08-18 00:00:00-04:00,-0.8962173234583809
2017-08-21 00:00:00-04:00,-0.8972081335230684
2017-08-22 00:00:00-04:00,-0.8884282049923166
2017-08-23 00:00:00-04:00,-0.8877449011408297
2017-08-24 00:00:00-04:00,-0.8901706659908094
2017-08-25 00:00:00-04:00,-0.8881548723202751
2017-08-28 00:00:00-04:00,-0.88265476888232
2017-08-29 00:00:00-04:00,-0.8777353373579074
2017-08-30 00:00:00-04:00,-0.8762322024619961
2017-08-31 00:00:00-04:00,-0.8740114232017392
2017-09-01 00:00:00-04:00,-0.8738406111531757
2017-09-05 00:00:00-04:00,-0.880570906415633
2017-09-06 00:00:00-04:00,-0.8811514670147093
2017-09-07 00:00:00-04:00,-0.8833723019321993
2017-09-08 00:00:00-04:00,-0.8923570490809744
2017-09-11 00:00:00-04:00,-0.8825521926016089
2017-09-12 00:00:00-04:00,-0.8847386313490071
2017-09-13 00:00:00-04:00,-0.8888723497129213
2017-09-14 00:00:00-04:00,-0.8935527334209182
2017-09-15 00:00:00-04:00,-0.8880864139234902
2017-09-18 00:00:00-04:00,-0.892220299259104
2017-09-19 00:00:00-04:00,-0.8920153693266144
2017-09-20 00:00:00-04:00,-0.9011028597278
2017-09-21 00:00:00-04:00,-0.9102585302396048
2017-09-22 00:00:00-04:00,-0.915382891696507
2017-09-25 00:00:00-04:00,-0.9199607547810259
2017-09-26 00:00:00-04:00,-0.9111124791679555
2017-09-27 00:00:00-04:00,-0.9073887319834867
2017-09-28 00:00:00-04:00,-0.9106343278778909
2017-09-29 00:00:00-04:00,-0.9077645296217729
2017-10-02 00:00:00-04:00,-0.9088237980832452
2017-10-03 00:00:00-04:00,-0.9065346160834366
2017-10-04 00:00:00-04:00,-0.909950968369171
2017-10-05 00:00:00-04:00,-0.9034257700109027
2017-10-06 00:00:00-04:00,-0.9037332762241034
2017-10-09 00:00:00-04:00,-0.9018885728882984
2017-10-10 00:00:00-04:00,-0.901683698613042
2017-10-11 00:00:00-04:00,-0.899462863695552
2017-10-12 00:00:00-04:00,-0.9013419632014489
2017-10-13 00:00:00-04:00,-0.8979595618279411
2017-10-16 00:00:00-04:00,-0.8880864139234902
2017-10-17 00:00:00-04:00,-0.8860710655108213
2017-10-18 00:00:00-04:00,-0.888496496417402
2017-10-19 00:00:00-04:00,-0.9014102546265343
2017-10-20 00:00:00-04:00,-0.9004877916441655
2017-10-23 00:00:00-04:00,-0.9007612356306732
2017-10-24 00:00:00-04:00,-0.8975839311613545
2017-10-25 00:00:00-04:00,-0.8999412932717823
2017-10-26 00:00:00-04:00,-0.8965249409860478
2017-10-27 00:00:00-04:00,-0.8772570190961433
2017-10-30 00:00:00-04:00,-0.8647189472108308
2017-10-31 00:00:00-04:00,-0.8567933015518286
2017-11-01 00:00:00-04:00,-0.8641383866117546
2017-11-02 00:00:00-04:00,-0.8599703833922148
2017-11-03 00:00:00-04:00,-0.8449727627163953
2017-11-06 00:00:00-05:00,-0.838994285359443
2017-11-07 00:00:00-05:00,-0.8370809566551536
2017-11-08 00:00:00-05:00,-0.8321958099863666
2017-11-09 00:00:00-05:00,-0.8334257235247029
2017-11-10 00:00:00-05:00,-0.8354141338365231
2017-11-13 00:00:00-05:00,-0.8378142407020167
2017-11-14 00:00:00-05:00,-0.84683138036049
2017-11-15 00:00:00-05:00,-0.8545798690463486
2017-11-16 00:00:00-05:00,-0.8476543838672046
2017-11-17 00:00:00-05:00,-0.8509115564661057
2017-11-20 00:00:00-05:00,-0.8514944546689746
2017-11-21 00:00:00-05:00,-0.8406598280617108
2017-11-22 00:00:00-05:00,-0.834419928680613
2017-11-24 00:00:00-05:00,-0.8343855881677542
2017-11-27 00:00:00-05:00,-0.8374029894062086
2017-11-28 00:00:00-05:00,-0.8408999333655565
2017-11-29 00:00:00-05:00,-0.8532085861357898
2017-11-30 00:00:00-05:00,-0.845082908380816
2017-12-01 00:00:00-05:00,-0.8478256411736332
2017-12-04 00:00:00-05:00,-0.8521114150985365
2017-12-05 00:00:00-05:00,-0.852660139760246
2017-12-06 00:00:00-05:00,-0.8548201413218939
2017-12-07 00:00:00-05:00,-0.853757199483033
2017-12-08 00:00:00-05:00,-0.853585830862138
2017-12-11 00:00:00-05:00,-0.8422713275905817
2017-12-12 00:00:00-05:00,-0.8455971812152004
2017-12-13 00:00:00-05:00,-0.8436427774728401
2017-12-14 00:00:00-05:00,-0.8438142017509682
2017-12-15 00:00:00-05:00,-0.8378142407020167
2017-12-18 00:00:00-05:00,-0.8294142284448047
2017-12-19 00:00:00-05:00,-0.8358598926168894
2017-12-20 00:00:00-05:00,-0.8365113605310096
2017-12-21 00:00:00-05:00,-0.8342484487452516
2017-12-22 00:00:00-05:00,-0.8342484487452516
2017-12-26 00:00:00-05:00,-0.8494713699008967
2017-12-27 00:00:00-05:00,-0.8493685153340197
2017-12-28 00:00:00-05:00,-0.8477228422639895
2017-12-29 00:00:00-05:00,-0.8540657631836637
2018-01-02 00:00:00-05:00,-0.8436772849573984
2018-01-03 00:00:00-05:00,-0.8437800282098089
2018-01-04 00:00:00-05:00,-0.8410371841025254
2018-01-05 00:00:00-05:00,-0.8342828449153437
2018-01-08 00:00:00-05:00,-0.8365113605310096
2018-01-09 00:00:00-05:00,-0.8365799302422608
2018-01-10 00:00:00-05:00,-0.8367170696647633
2018-01-11 00:00:00-05:00,-0.8333227576433596
2018-01-12 00:00:00-05:00,-0.8271170874606544
2018-01-16 00:00:00-05:00,-0.8302028357814273
2018-01-17 00:00:00-05:00,-0.8202253862220374
2018-01-18 00:00:00-05:00,-0.8196769398464937
2018-01-19 00:00:00-05:00,-0.8224197839537772
2018-01-22 00:00:00-05:00,-0.8274255398468187
2018-01-23 00:00:00-05:00,-0.8272884560815493
2018-01-24 00:00:00-05:00,-0.8369570079969096
2018-01-25 00:00:00-05:00,-0.8476200433543458
2018-01-26 00:00:00-05:00,-0.8462485934720874
2018-01-29 00:00:00-05:00,-0.8584201068198182
2018-01-30 00:00:00-05:00,-0.8618145301556881
2018-01-31 00:00:00-05:00,-0.8602372041679766
2018-02-01 00:00:00-05:00,-0.8590372342210795
2018-02-02 00:00:00-05:00,-0.8839974996322686
2018-02-05 00:00:00-05:00,-0.8977458937098457
2018-02-06 00:00:00-05:00,-0.8753231528728185
2018-02-07 00:00:00-05:00,-0.8872889014295622
2018-02-08 00:00:00-05:00,-0.9023405096215453
2018-02-09 00:00:00-05:00,-0.895833900779152
2018-02-12 00:00:00-05:00,-0.8741455014764179
2018-02-13 00:00:00-05:00,-0.8685342505438453
2018-02-14 00:00:00-05:00,-0.8581033615059132
2018-02-15 00:00:00-05:00,-0.8387561280587578
2018-02-16 00:00:00-05:00,-0.8406839276436684
2018-02-20 00:00:00-05:00,-0.842680575225996
2018-02-21 00:00:00-05:00,-0.8453658697541938
2018-02-22 00:00:00-05:00,-0.840442876166859
2018-02-23 00:00:00-05:00,-0.8301151756392027
2018-02-26 00:00:00-05:00,-0.8181695750008623
2018-02-27 00:00:00-05:00,-0.8201663338976563
2018-02-28 00:00:00-05:00,-0.8210957540341699
2018-03-01 00:00:00-05:00,-0.831836375574629
2018-03-02 00:00:00-05:00,-0.8276708212733481
2018-03-05 00:00:00-05:00,-0.825571096495211
2018-03-06 00:00:00-05:00,-0.8260872616755228
2018-03-07 00:00:00-05:00,-0.8317332983788195
2018-03-08 00:00:00-05:00,-0.8251578971962423
2018-03-09 00:00:00-05:00,-0.8146924450165188
2018-03-12 00:00:00-04:00,-0.8087023352978363
2018-03-13 00:00:00-04:00,-0.8147270081583102
2018-03-14 00:00:00-04:00,-0.819994130418264
2018-03-15 00:00:00-04:00,-0.819271087302302
2018-03-16 00:00:00-04:00,-0.8214399383640221
2018-03-19 00:00:00-04:00,-0.8308037112706064
2018-03-20 00:00:00-04:00,-0.8310102552628575
2018-03-21 00:00:00-04:00,-0.8446772228083238
2018-03-22 00:00:00-04:00,-0.8530083314108855
2018-03-23 00:00:00-04:00,-0.8664686436496343
2018-03-26 00:00:00-04:00,-0.839513344715879
2018-03-27 00:00:00-04:00,-0.8547641501453364
2018-03-28 00:00:00-04:00,-0.8611672365340549
2018-03-29 00:00:00-04:00,-0.8566918940730138
2018-04-02 00:00:00-04:00,-0.8604787565598844
2018-04-03 00:00:00-04:00,-0.8545918353514778
2018-04-04 00:00:00-04:00,-0.8435069181667002
2018-04-05 00:00:00-04:00,-0.8394101562056032
2018-04-06 00:00:00-04:00,-0.8546262315215697
2018-04-09 00:00:00-04:00,-0.8488772289369297
2018-04-10 00:00:00-04:00,-0.8378608814634034
2018-04-11 00:00:00-04:00,-0.840649364501877
2018-04-12 00:00:00-04:00,-0.8347970064352618
2018-04-13 00:00:00-04:00,-0.8327660739973084
2018-04-16 00:00:00-04:00,-0.8290134963660636
2018-04-17 00:00:00-04:00,-0.8206825547352012
2018-04-18 00:00:00-04:00,-0.8220595146835423
2018-04-19 00:00:00-04:00,-0.8394101562056032
2018-04-20 00:00:00-04:00,-0.8637834604359029
2018-04-23 00:00:00-04:00,-0.8654359236883784
2018-04-24 00:00:00-04:00,-0.8733539443064379
2018-04-25 00:00:00-04:00,-0.8709098682267491
2018-04-26 00:00:00-04:00,-0.8689475055000471
2018-04-27 00:00:00-04:00,-0.8754881765691334
2018-04-30 00:00:00-04:00,-0.8653671313481945
2018-05-01 00:00:00-04:00,-0.8521475366428563
2018-05-02 00:00:00-04:00,-0.826431501662608
2018-05-03 00:00:00-04:00,-0.8253299337039353
2018-05-04 00:00:00-04:00,-0.8014384541410886
2018-05-07 00:00:00-04:00,-0.7968599788270049
2018-05-08 00:00:00-04:00,-0.7937961037988631
2018-05-09 00:00:00-04:00,-0.7892860868815643
2018-05-10 00:00:00-04:00,-0.7800601769415135
2018-05-11 00:00:00-04:00,-0.7825484448643302
2018-05-14 00:00:00-04:00,-0.7840688891597538
2018-05-15 00:00:00-04:00,-0.789978462862056
2018-05-16 00:00:00-04:00,-0.7839654223633122
2018-05-17 00:00:00-04:00,-0.7880777683496936
2018-05-18 00:00:00-04:00,-0.7904278950198108
2018-05-21 00:00:00-04:00,-0.7858661725329078
2018-05-22 00:00:00-04:00,-0.7874903619109388
2018-05-23 00:00:00-04:00,-0.7833431744966003
2018-05-24 00:00:00-04:00,-0.7840688891597538
2018-05-25 00:00:00-04:00,-0.7825830080061216
2018-05-29 00:00:00-04:00,-0.7849330790190057
2018-05-30 00:00:00-04:00,-0.7863153264044968
2018-05-31 00:00:00-04:00,-0.7884924147367243
2018-06-01 00:00:00-04:00,-0.7768463613272428
2018-06-04 00:00:00-04:00,-0.7713514340119715
2018-06-05 00:00:00-04:00,-0.7662369795425715
2018-06-06 00:00:00-04:00,-0.763921527328712
2018-06-07 00:00:00-04:00,-0.7657184211012338
2018-06-08 00:00:00-04:00,-0.7718007548552599
2018-06-11 00:00:00-04:00,-0.7734249998905242
2018-06-12 00:00:00-04:00,-0.7697963152602901
2018-06-13 00:00:00-04:00,-0.7752566237765369
2018-06-14 00:00:00-04:00,-0.7749109367013896
2018-06-15 00:00:00-04:00,-0.7816845332912441
2018-06-18 00:00:00-04:00,-0.7820299977374588
2018-06-19 00:00:00-04:00,-0.7925702532385474
2018-06-20 00:00:00-04:00,-0.7897711953257738
2018-06-21 00:00:00-04:00,-0.7933652054997501
2018-06-22 00:00:00-04:00,-0.7952314481847874
2018-06-25 00:00:00-04:00,-0.8047349207465996
2018-06-26 00:00:00-04:00,-0.7969249308181008
2018-06-27 00:00:00-04:00,-0.7978578573603035
2018-06-28 00:00:00-04:00,-0.7932270085898175
2018-06-29 00:00:00-04:00,-0.7945746371762841
2018-07-02 00:00:00-04:00,-0.7874212912845892
2018-07-03 00:00:00-04:00,-0.7986872614488313
2018-07-05 00:00:00-04:00,-0.7935725843504986
2018-07-06 00:00:00-04:00,-0.7846910813692326
2018-07-09 00:00:00-04:00,-0.7756713258208008
2018-07-10 00:00:00-04:00,-0.7764662224247704
2018-07-11 00:00:00-04:00,-0.7850020939881223
2018-07-12 00:00:00-04:00,-0.7741160957546531
2018-07-13 00:00:00-04:00,-0.7730792571581436
2018-07-16 00:00:00-04:00,-0.7745309091133834
2018-07-17 00:00:00-04:00,-0.7726647777428124
2018-07-18 00:00:00-04:00,-0.7762934067158133
2018-07-19 00:00:00-04:00,-0.7711786739602475
2018-07-20 00:00:00-04:00,-0.7726992852273706
2018-07-23 00:00:00-04:00,-0.7721117674741496
2018-07-24 00:00:00-04:00,-0.7673081029947066
2018-07-25 00:00:00-04:00,-0.7610186686760978
2018-07-26 00:00:00-04:00,-0.7631266307247424
2018-07-27 00:00:00-04:00,-0.7742890784353097
2018-07-30 00:00:00-04:00,-0.7779865554057277
2018-07-31 00:00:00-04:00,-0.7766733786465863
2018-08-01 00:00:00-04:00,-0.7379335511072513
2018-08-02 00:00:00-04:00,-0.7175785877965283
2018-08-03 00:00:00-04:00,-0.7155049662607424
2018-08-06 00:00:00-04:00,-0.7117727035196004
2018-08-07 00:00:00-04:00,-0.7185461887949887
2018-08-08 00:00:00-04:00,-0.7180623604671419
2018-08-09 00:00:00-04:00,-0.712429236241938
2018-08-10 00:00:00-04:00,-0.7145794977877831
2018-08-13 00:00:00-04:00,-0.7099323414479818
2018-08-14 00:00:00-04:00,-0.7068805996966686
2018-08-15 00:00:00-04:00,-0.7051812730538736
2018-08-16 00:00:00-04:00,-0.694499815152262
2018-08-17 00:00:00-04:00,-0.6797264374688381
2018-08-20 00:00:00-04:00,-0.6870785353401421
2018-08-21 00:00:00-04:00,-0.6885349738174334
2018-08-22 00:00:00-04:00,-0.6885001880467093
2018-08-23 00:00:00-04:00,-0.6869743449996694
2018-08-24 00:00:00-04:00,-0.6846507668297687
2018-08-27 00:00:00-04:00,-0.67847799007186
2018-08-28 00:00:00-04:00,-0.6723743952547674
2018-08-29 00:00:00-04:00,-0.6609994482280009
2018-08-30 00:00:00-04:00,-0.653889960236035
2018-08-31 00:00:00-04:00,-0.6448732101781938
2018-09-04 00:00:00-04:00,-0.6423416965852129
2018-09-05 00:00:00-04:00,-0.6475090810833467
2018-09-06 00:00:00-04:00,-0.6605831321239755
2018-09-07 00:00:00-04:00,-0.6668254804233322
2018-09-10 00:00:00-04:00,-0.6771254079916424
2018-09-11 00:00:00-04:00,-0.657982213961246
2018-09-12 00:00:00-04:00,-0.6676231042317265
2018-09-13 00:00:00-04:00,-0.6491041617284358
2018-09-14 00:00:00-04:00,-0.6580167771030375
2018-09-17 00:00:00-04:00,-0.6786860924666397
2018-09-18 00:00:00-04:00,-0.6774375894124284
2018-09-19 00:00:00-04:00,-0.6769866545093783
2018-09-20 00:00:00-04:00,-0.6712297485976298
2018-09-21 00:00:00-04:00,-0.6794489305043099
2018-09-24 00:00:00-04:00,-0.668594267293109
2018-09-25 00:00:00-04:00,-0.6637391198729945
2018-09-26 00:00:00-04:00,-0.6698773334891117
2018-09-27 00:00:00-04:00,-0.65416741154333
2018-09-28 00:00:00-04:00,-0.6514277955555696
2018-10-01 00:00:00-04:00,-0.6461566103175953
2018-10-02 00:00:00-04:00,-0.6391512570088688
2018-10-03 00:00:00-04:00,-0.6294755809676643
2018-10-04 00:00:00-04:00,-0.6436248184384488
2018-10-05 00:00:00-04:00,-0.6564563152569729
2018-10-08 00:00:00-04:00,-0.6582596096113079
2018-10-09 00:00:00-04:00,-0.6475090810833467
2018-10-10 00:00:00-04:00,-0.6839572777046139
2018-10-11 00:00:00-04:00,-0.6905810450228058
2018-10-12 00:00:00-04:00,-0.6640163485513569
2018-10-15 00:00:00-04:00,-0.6804892755065084
2018-10-16 00:00:00-04:00,-0.6638778176980255
2018-10-17 00:00:00-04:00,-0.6672069550994005
2018-10-18 00:00:00-04:00,-0.6851364318463097
2018-10-19 00:00:00-04:00,-0.673726643391586
2018-10-22 00:00:00-04:00,-0.6690798209951837
2018-10-23 00:00:00-04:00,-0.6618663096344445
2018-10-24 00:00:00-04:00,-0.6883616015361447
2018-10-25 00:00:00-04:00,-0.6720275393777236
2018-10-26 00:00:00-04:00,-0.6841654357566267
2018-10-29 00:00:00-04:00,-0.6982453799721289
2018-10-30 00:00:00-04:00,-0.69456938669371
2018-10-31 00:00:00-04:00,-0.6752874948382828
2018-11-01 00:00:00-04:00,-0.6636351521614544
2018-11-02 00:00:00-04:00,-0.714752981383538
2018-11-05 00:00:00-05:00,-0.7351791859527039
2018-11-06 00:00:00-05:00,-0.7276189856866204
2018-11-07 00:00:00-05:00,-0.7061870549142807
2018-11-08 00:00:00-05:00,-0.7087273623501005
2018-11-09 00:00:00-05:00,-0.7227172531623522
2018-11-12 00:00:00-05:00,-0.758561958404482
2018-11-13 00:00:00-05:00,-0.7653134034155396
2018-11-14 00:00:00-05:00,-0.7842100359030437
2018-11-15 00:00:00-05:00,-0.7681668941023422
2018-11-16 00:00:00-05:00,-0.7607891939037853
2018-11-19 00:00:00-05:00,-0.7874814010964003
2018-11-20 00:00:00-05:00,-0.8183843562636209
2018-11-21 00:00:00-05:00,-0.8190802943070347
2018-11-23 00:00:00-05:00,-0.8347058398873481
2018-11-26 00:00:00-05:00,-0.8265973602174204
2018-11-27 00:00:00-05:00,-0.8279197204200329
2018-11-28 00:00:00-05:00,-0.8046031244184804
2018-11-29 00:00:00-05:00,-0.8094405728384505
2018-11-30 00:00:00-05:00,-0.8128161283722798
2018-12-03 00:00:00-05:00,-0.7911005683397643
2018-12-04 00:00:00-05:00,-0.8193935332152507
2018-12-06 00:00:00-05:00,-0.8262492798812472
2018-12-07 00:00:00-05:00,-0.8479299984858054
2018-12-10 00:00:00-05:00,-0.8440671082184404
2018-12-11 00:00:00-05:00,-0.8474428307239691
2018-12-12 00:00:00-05:00,-0.8458071759559074
2018-12-13 00:00:00-05:00,-0.8393691924819986
2018-12-14 00:00:00-05:00,-0.8584050793668654
2018-12-17 00:00:00-05:00,-0.8637643143476964
2018-12-18 00:00:00-05:00,-0.8563518283784155
2018-12-19 00:00:00-05:00,-0.8743785383116526
2018-12-20 00:00:00-05:00,-0.8885076835212669
2018-12-21 00:00:00-05:00,-0.9097360201347129
2018-12-24 00:00:00-05:00,-0.9233084260410428
2018-12-26 00:00:00-05:00,-0.8873244107443173
2018-12-27 00:00:00-05:00,-0.8908738951317668
2018-12-28 00:00:00-05:00,-0.8905957759376739
2018-12-31 00:00:00-05:00,-0.8853407869545488
2019-01-02 00:00:00-05:00,-0.8847144761098162
2019-01-03 00:00:00-05:00,-0.9394558138394503
2019-01-04 00:00:00-05:00,-0.9183316119092438
2019-01-07 00:00:00-05:00,-0.9194800989154692
2019-01-08 00:00:00-05:00,-0.9096664485932647
2019-01-09 00:00:00-05:00,-0.9007575065960516
2019-01-10 00:00:00-05:00,-0.8990522246293086
2019-01-11 00:00:00-05:00,-0.9043072136124337
2019-01-14 00:00:00-05:00,-0.9122763832277658
2019-01-15 00:00:00-05:00,-0.9015926990368279
2019-01-16 00:00:00-05:00,-0.8950849213925383
2019-01-17 00:00:00-05:00,-0.8918832390550961
2019-01-18 00:00:00-05:00,-0.8885423023202914
2019-01-22 00:00:00-05:00,-0.9007922367095424
2019-01-23 00:00:00-05:00,-0.8986346840661537
2019-01-24 00:00:00-05:00,-0.9028803291259495
2019-01-25 00:00:00-05:00,-0.8852711040986343
2019-01-28 00:00:00-05:00,-0.8903519415992066
2019-01-29 00:00:00-05:00,-0.8959896853747626
2019-01-30 00:00:00-05:00,-0.8592054303796844
2019-01-31 00:00:00-05:00,-0.8550644209182264
2019-02-01 00:00:00-05:00,-0.8547856894945688
2019-02-04 00:00:00-05:00,-0.8383250627879453
2019-02-05 00:00:00-05:00,-0.8281285463588436
2019-02-06 00:00:00-05:00,-0.8279197204200329
2019-02-07 00:00:00-05:00,-0.8394039225954895
2019-02-08 00:00:00-05:00,-0.8387048677470188
2019-02-11 00:00:00-05:00,-0.8421300138755923
2019-02-12 00:00:00-05:00,-0.8370271917679224
2019-02-13 00:00:00-05:00,-0.83950878082276
2019-02-14 00:00:00-05:00,-0.8373417664497342
2019-02-15 00:00:00-05:00,-0.8386699706618285
2019-02-19 00:00:00-05:00,-0.8368875477699278
2019-02-20 00:00:00-05:00,-0.8330429687322719
2019-02-21 00:00:00-05:00,-0.8364331064611887
2019-02-22 00:00:00-05:00,-0.8297576892306258
2019-02-25 00:00:00-05:00,-0.825354088943126
2019-02-26 00:00:00-05:00,-0.8250046171761238
2019-02-27 00:00:00-05:00,-0.8231172803997194
2019-02-28 00:00:00-05:00,-0.8291287624959348
2019-03-01 00:00:00-05:00,-0.8227675860037846
2019-03-04 00:00:00-05:00,-0.8196920786139128
2019-03-05 00:00:00-05:00,-0.8208105663714658
2019-03-06 00:00:00-05:00,-0.8243404594128436
2019-03-07 00:00:00-05:00,-0.8314003568100654
2019-03-08 00:00:00-05:00,-0.8299674056851669
2019-03-11 00:00:00-04:00,-0.809032327033233
2019-03-12 00:00:00-04:00,-0.802007493692901
2019-03-13 00:00:00-04:00,-0.7992115525851843
2019-03-14 00:00:00-04:00,-0.7921516551879624
2019-03-15 00:00:00-04:00,-0.7837986732927693
2019-03-18 00:00:00-04:00,-0.7771579861756973
2019-03-19 00:00:00-04:00,-0.7823656665106377
2019-03-20 00:00:00-04:00,-0.7766687590962341
2019-03-21 00:00:00-04:00,-0.7524486235715866
2019-03-22 00:00:00-04:00,-0.766568307051564
2019-03-25 00:00:00-04:00,-0.7746416113501357
2019-03-26 00:00:00-04:00,-0.7814570621793253
2019-03-27 00:00:00-04:00,-0.775585335395571
2019-03-28 00:00:00-04:00,-0.7747116838066821
2019-03-29 00:00:00-04:00,-0.7704128304319867
2019-04-01 00:00:00-04:00,-0.7659043162599832
2019-04-02 00:00:00-04:00,-0.756188010438573
2019-04-03 00:00:00-04:00,-0.7515396852968753
2019-04-04 00:00:00-04:00,-0.7503513477117084
2019-04-05 00:00:00-04:00,-0.7457730950265573
2019-04-08 00:00:00-04:00,-0.7349386910482262
2019-04-09 00:00:00-04:00,-0.7370356329647054
2019-04-10 00:00:00-04:00,-0.7331211484422024
2019-04-11 00:00:00-04:00,-0.7389579224835333
2019-04-12 00:00:00-04:00,-0.7392374331084552
2019-04-15 00:00:00-04:00,-0.7379792456956744
2019-04-16 00:00:00-04:00,-0.7379093402108274
2019-04-17 00:00:00-04:00,-0.7243487892951602
2019-04-18 00:00:00-04:00,-0.7217973504127088
2019-04-22 00:00:00-04:00,-0.7194559062709642
2019-04-23 00:00:00-04:00,-0.7091456264572865
2019-04-24 00:00:00-04:00,-0.7102639472431401
2019-04-25 00:00:00-04:00,-0.7168345062464325
2019-04-26 00:00:00-04:00,-0.720259652375006
2019-04-29 00:00:00-04:00,-0.7191763399888091
2019-04-30 00:00:00-04:00,-0.7329464960445512
2019-05-01 00:00:00-04:00,-0.6985207163045639
2019-05-02 00:00:00-04:00,-0.703308963730422
2019-05-03 00:00:00-04:00,-0.6942220299015679
2019-05-06 00:00:00-04:00,-0.7056505191866328
2019-05-07 00:00:00-04:00,-0.7252924576833625
2019-05-08 00:00:00-04:00,-0.7251528136853678
2019-05-09 00:00:00-04:00,-0.7327716766752004
2019-05-10 00:00:00-04:00,-0.7424900418142375
2019-05-13 00:00:00-04:00,-0.7826969383623971
2019-05-14 00:00:00-04:00,-0.7723822059700667
2019-05-15 00:00:00-04:00,-0.7644529982481424
2019-05-16 00:00:00-04:00,-0.7674001044011176
2019-05-17 00:00:00-04:00,-0.7711892488345476
2019-05-20 00:00:00-04:00,-0.7919241284188104
2019-05-21 00:00:00-04:00,-0.7796095759818624
2019-05-22 00:00:00-04:00,-0.7930117820691936
2019-05-23 00:00:00-04:00,-0.8039581684006397
2019-05-24 00:00:00-04:00,-0.8063789797568682
2019-05-28 00:00:00-04:00,-0.808975445340945
2019-05-29 00:00:00-04:00,-0.8119573372646443
2019-05-30 00:00:00-04:00,-0.8087296629993171
2019-05-31 00:00:00-04:00,-0.8200619765854841
2019-06-03 00:00:00-04:00,-0.8262719323751426
2019-06-04 00:00:00-04:00,-0.8040282965144194
2019-06-05 00:00:00-04:00,-0.7938538203496485
2019-06-06 00:00:00-04:00,-0.7844511986943195
2019-06-07 00:00:00-04:00,-0.7671545446884224
2019-06-10 00:00:00-04:00,-0.7586289697132048
2019-06-11 00:00:00-04:00,-0.7508050654764163
2019-06-12 00:00:00-04:00,-0.7529803727771829
2019-06-13 00:00:00-04:00,-0.7531206846619753
2019-06-14 00:00:00-04:00,-0.7580676665168015
2019-06-17 00:00:00-04:00,-0.7540329623706762
2019-06-18 00:00:00-04:00,-0.7380343463565013
2019-06-19 00:00:00-04:00,-0.7400693417724752
2019-06-20 00:00:00-04:00,-0.7344910399219324
2019-06-21 00:00:00-04:00,-0.7368766202495716
2019-06-24 00:00:00-04:00,-0.7375782909880007
2019-06-25 00:00:00-04:00,-0.7481385830930263
2019-06-26 00:00:00-04:00,-0.7332978601574807
2019-06-27 00:00:00-04:00,-0.7335085227849856
2019-06-28 00:00:00-04:00,-0.7398939101735597
2019-07-01 00:00:00-04:00,-0.727158088138835
2019-07-02 00:00:00-04:00,-0.7230181918220402
2019-07-03 00:00:00-04:00,-0.7171240908305561
2019-07-05 00:00:00-04:00,-0.7177554108262728
2019-07-08 00:00:00-04:00,-0.7325262282769713
2019-07-09 00:00:00-04:00,-0.7282458531036845
2019-07-10 00:00:00-04:00,-0.7212640428045841
2019-07-11 00:00:00-04:00,-0.7264565287148722
2019-07-12 00:00:00-04:00,-0.7210183717774225
2019-07-15 00:00:00-04:00,-0.7143172409051403
2019-07-16 00:00:00-04:00,-0.7168081247179153
2019-07-17 00:00:00-04:00,-0.7208428845212738
2019-07-18 00:00:00-04:00,-0.7127384678293666
2019-07-19 00:00:00-04:00,-0.723509422561897
2019-07-22 00:00:00-04:00,-0.7072652468350269
2019-07-23 00:00:00-04:00,-0.7015815301848819
2019-07-24 00:00:00-04:00,-0.7021778974381752
2019-07-25 00:00:00-04:00,-0.707966917573456
2019-07-26 00:00:00-04:00,-0.705440914046558
2019-07-29 00:00:00-04:00,-0.6986344796891398
2019-07-30 00:00:00-04:00,-0.7017921928123868
2019-07-31 00:00:00-04:00,-0.6868461663917054
2019-08-01 00:00:00-04:00,-0.7030201026903294
2019-08-02 00:00:00-04:00,-0.7184922569360581
2019-08-05 00:00:00-04:00,-0.7559625986442811
2019-08-06 00:00:00-04:00,-0.7431214731244206
2019-08-07 00:00:00-04:00,-0.7359643425408708
2019-08-08 00:00:00-04:00,-0.7205623164089219
2019-08-09 00:00:00-04:00,-0.7264435605795463
2019-08-12 00:00:00-04:00,-0.7282397864652703
2019-08-13 00:00:00-04:00,-0.6983397746395656
2019-08-14 00:00:00-04:00,-0.7202452928088511
2019-08-15 00:00:00-04:00,-0.7238024022372433
2019-08-16 00:00:00-04:00,-0.7070384992671392
2019-08-19 00:00:00-04:00,-0.6934796737257
2019-08-20 00:00:00-04:00,-0.6934444983543439
2019-08-21 00:00:00-04:00,-0.6854148849838017
2019-08-22 00:00:00-04:00,-0.6860488208694768
2019-08-23 00:00:00-04:00,-0.7206326671516342
2019-08-26 00:00:00-04:00,-0.7070738416101949
2019-08-27 00:00:00-04:00,-0.7152794988092174
2019-08-28 00:00:00-04:00,-0.7104547958956405
2019-08-29 00:00:00-04:00,-0.6981988505252084
2019-08-30 00:00:00-04:00,-0.6991498656681875
2019-09-03 00:00:00-04:00,-0.7098561466957878
2019-09-04 00:00:00-04:00,-0.6975650259539995
2019-09-05 00:00:00-04:00,-0.6831609896698154
2019-09-06 00:00:00-04:00,-0.6832314517269941
2019-09-09 00:00:00-04:00,-0.6800265969272619
2019-09-10 00:00:00-04:00,-0.6711165417853855
2019-09-11 00:00:00-04:00,-0.6468513239018796
2019-09-12 00:00:00-04:00,-0.6486123744162474
2019-09-13 00:00:00-04:00,-0.6638970751006983
2019-09-16 00:00:00-04:00,-0.6598470095582213
2019-09-17 00:00:00-04:00,-0.6570292508151064
2019-09-18 00:00:00-04:00,-0.6497393220732405
2019-09-19 00:00:00-04:00,-0.656113633672416
2019-09-20 00:00:00-04:00,-0.6674892485859804
2019-09-23 00:00:00-04:00,-0.6640024899003004
2019-09-24 00:00:00-04:00,-0.6676649584710618
2019-09-25 00:00:00-04:00,-0.6558671834439903
2019-09-26 00:00:00-04:00,-0.6598821292723442
2019-09-27 00:00:00-04:00,-0.6636502909288735
2019-09-30 00:00:00-04:00,-0.6455131570450501
2019-10-01 00:00:00-04:00,-0.643329556816543
2019-10-02 00:00:00-04:00,-0.6631572235003225
2019-10-03 00:00:00-04:00,-0.6566065897865008
2019-10-04 00:00:00-04:00,-0.6348070429891491
2019-10-07 00:00:00-04:00,-0.6346308321889694
2019-10-08 00:00:00-04:00,-0.643998890702507
2019-10-09 00:00:00-04:00,-0.634736413960271
2019-10-10 00:00:00-04:00,-0.6239598378471916
2019-10-11 00:00:00-04:00,-0.6024065186493331
2019-10-14 00:00:00-04:00,-0.603603984020738
2019-10-15 00:00:00-04:00,-0.605540688762954
2019-10-16 00:00:00-04:00,-0.6088866903059761
2019-10-17 00:00:00-04:00,-0.6056817798490107
2019-10-18 00:00:00-04:00,-0.6017021207064792
2019-10-21 00:00:00-04:00,-0.5872629647081722
2019-10-22 00:00:00-04:00,-0.5891998920793208
2019-10-23 00:00:00-04:00,-0.5778598421377448
2019-10-24 00:00:00-04:00,-0.5764509349375707
2019-10-25 00:00:00-04:00,-0.565885689338794
2019-10-28 00:00:00-04:00,-0.5571867420822878
2019-10-29 00:00:00-04:00,-0.5774723564804953
2019-10-30 00:00:00-04:00,-0.5775780495662634
2019-10-31 00:00:00-04:00,-0.5582082192824456
2019-11-01 00:00:00-04:00,-0.5333444635135532
2019-11-04 00:00:00-05:00,-0.5274277656854068
2019-11-05 00:00:00-05:00,-0.5287308684853466
2019-11-06 00:00:00-05:00,-0.5283434384853303
2019-11-07 00:00:00-05:00,-0.5178876706641763
2019-11-08 00:00:00-05:00,-0.5153794217946558
2019-11-11 00:00:00-05:00,-0.5081029621032143
2019-11-12 00:00:00-05:00,-0.5089507330786844
2019-11-13 00:00:00-05:00,-0.5000844801793037
2019-11-14 00:00:00-05:00,-0.5065487895244967
2019-11-15 00:00:00-05:00,-0.4955278225006182
2019-11-18 00:00:00-05:00,-0.4907948427072865
2019-11-19 00:00:00-05:00,-0.49365595843503185
2019-11-20 00:00:00-05:00,-0.5046061294583327
2019-11-21 00:00:00-05:00,-0.5087744109640383
2019-11-22 00:00:00-05:00,-0.5095866726247533
2019-11-25 00:00:00-05:00,-0.49337321969058673
2019-11-26 00:00:00-05:00,-0.500720531039839
2019-11-27 00:00:00-05:00,-0.4881809564092312
2019-11-29 00:00:00-05:00,-0.49026476321868506
2019-12-02 00:00:00-05:00,-0.5011796475561634
2019-12-03 00:00:00-05:00,-0.5178170416352982
2019-12-04 00:00:00-05:00,-0.5097278193680432
2019-12-05 00:00:00-05:00,-0.4961638733611534
2019-12-06 00:00:00-05:00,-0.47804254613154695
2019-12-09 00:00:00-05:00,-0.49143033699549016
2019-12-10 00:00:00-05:00,-0.48591982565493436
2019-12-11 00:00:00-05:00,-0.47783104864554465
2019-12-12 00:00:00-05:00,-0.4753934844621354
2019-12-13 00:00:00-05:00,-0.4623590057142823
2019-12-16 00:00:00-05:00,-0.4457217229496138
2019-12-17 00:00:00-05:00,-0.4437791741979162
2019-12-18 00:00:00-05:00,-0.44614583106628153
2019-12-19 00:00:00-05:00,-0.4451566907185888
2019-12-20 00:00:00-05:00,-0.4472053221566865
2019-12-23 00:00:00-05:00,-0.4310978962516869
2019-12-24 00:00:00-05:00,-0.43014404258981664
2019-12-26 00:00:00-05:00,-0.4102215359807351
2019-12-27 00:00:00-05:00,-0.410610246097114
2019-12-30 00:00:00-05:00,-0.4045345912110669
2019-12-31 00:00:00-05:00,-0.39701073511823587
2020-01-02 00:00:00-05:00,-0.37334372117671744
2020-01-03 00:00:00-05:00,-0.38365834225458145
2020-01-06 00:00:00-05:00,-0.3752864925573477
2020-01-07 00:00:00-05:00,-0.38026703572376835
2020-01-08 00:00:00-05:00,-0.36331183884329854
2020-01-09 00:00:00-05:00,-0.3405637258212268
2020-01-10 00:00:00-05:00,-0.3380908749519951
2020-01-13 00:00:00-05:00,-0.3146714243835656
2020-01-14 00:00:00-05:00,-0.3297899325698052
2020-01-15 00:00:00-05:00,-0.33452335762100216
2020-01-16 00:00:00-05:00,-0.32074707926961266
2020-01-17 00:00:00-05:00,-0.30841944738287236
2020-01-21 00:00:00-05:00,-0.3160492748476372
2020-01-22 00:00:00-05:00,-0.3120574267710439
2020-01-23 00:00:00-05:00,-0.3066526641734893
2020-01-24 00:00:00-05:00,-0.3099027126465462
2020-01-27 00:00:00-05:00,-0.34296544674648194
2020-01-28 00:00:00-05:00,-0.3120927134568664
2020-01-29 00:00:00-05:00,-0.28860246688785934
2020-01-30 00:00:00-05:00,-0.29026316741084235
2020-01-31 00:00:00-05:00,-0.3409873886800292
2020-02-03 00:00:00-05:00,-0.3439898737799971
2020-02-04 00:00:00-05:00,-0.3079952279517384
2020-02-05 00:00:00-05:00,-0.2988111165937896
2020-02-06 00:00:00-05:00,-0.2855295197307128
2020-02-07 00:00:00-05:00,-0.3011438225499282
2020-02-10 00:00:00-05:00,-0.2957622133613675
2020-02-11 00:00:00-05:00,-0.302631317763322
2020-02-12 00:00:00-05:00,-0.2757572227327451
2020-02-13 00:00:00-05:00,-0.2840070717748954
2020-02-14 00:00:00-05:00,-0.28372366514365244
2020-02-18 00:00:00-05:00,-0.3047909297243378
2020-02-19 00:00:00-05:00,-0.2884329349556586
2020-02-20 00:00:00-05:00,-0.30018796522766433
2020-02-21 00:00:00-05:00,-0.3258585282484221
2020-02-24 00:00:00-05:00,-0.37850938030062325
2020-02-25 00:00:00-05:00,-0.4142708223219479
2020-02-26 00:00:00-05:00,-0.39808937229684743
2020-02-27 00:00:00-05:00,-0.46582377979286466
2020-02-28 00:00:00-05:00,-0.46639037042641807
2020-03-02 00:00:00-05:00,-0.3762785270811646
2020-03-03 00:00:00-05:00,-0.4098801345125409
2020-03-04 00:00:00-05:00,-0.3623635509047442
2020-03-05 00:00:00-05:00,-0.3971334036601172
2020-03-06 00:00:00-05:00,-0.41090701046431505
2020-03-09 00:00:00-04:00,-0.4918481001875778
2020-03-10 00:00:00-04:00,-0.4239722120048717
2020-03-11 00:00:00-04:00,-0.45906098070624285
2020-03-12 00:00:00-04:00,-0.5553691994762642
2020-03-13 00:00:00-04:00,-0.4500674397146287
2020-03-16 00:00:00-04:00,-0.5766843613734374
2020-03-17 00:00:00-04:00,-0.5389754727638972
2020-03-18 00:00:00-04:00,-0.5608926789521459
2020-03-19 00:00:00-04:00,-0.5675845707237238
2020-03-20 00:00:00-04:00,-0.6226077010248392
2020-03-23 00:00:00-04:00,-0.6398510910586037
2020-03-24 00:00:00-04:00,-0.5601490426599153
2020-03-25 00:00:00-04:00,-0.5649645064727878
2020-03-26 00:00:00-04:00,-0.5192183237945295
2020-03-27 00:00:00-04:00,-0.5571042024055137
2020-03-30 00:00:00-04:00,-0.5320711373333533
2020-03-31 00:00:00-04:00,-0.5339122786062361
2020-04-01 00:00:00-04:00,-0.5812872702128777
2020-04-02 00:00:00-04:00,-0.5670535450621587
2020-04-03 00:00:00-04:00,-0.5795169249405725
2020-04-06 00:00:00-04:00,-0.5049488667001226
2020-04-07 00:00:00-04:00,-0.5157128086212752
2020-04-08 00:00:00-04:00,-0.4922021915049321
2020-04-09 00:00:00-04:00,-0.48540410573248777
2020-04-13 00:00:00-04:00,-0.46677974842959485
2020-04-14 00:00:00-04:00,-0.4179178181818911
2020-04-15 00:00:00-04:00,-0.427194320546883
2020-04-16 00:00:00-04:00,-0.4191924801356869
2020-04-17 00:00:00-04:00,-0.43296575299648576
2020-04-20 00:00:00-04:00,-0.45374972226039445
2020-04-21 00:00:00-04:00,-0.48405853646364816
2020-04-22 00:00:00-04:00,-0.456688869429028
2020-04-23 00:00:00-04:00,-0.46047712334672747
2020-04-24 00:00:00-04:00,-0.4323639869915762
2020-04-27 00:00:00-04:00,-0.43165535909900227
2020-04-28 00:00:00-04:00,-0.4479077164391467
2020-04-29 00:00:00-04:00,-0.4155098636465222
2020-04-30 00:00:00-04:00,-0.3940176004334386
2020-05-01 00:00:00-04:00,-0.4107653071486935
2020-05-04 00:00:00-04:00,-0.396283851653186
2020-05-05 00:00:00-04:00,-0.3807046128908604
2020-05-06 00:00:00-04:00,-0.369834309997142
2020-05-07 00:00:00-04:00,-0.35882286036013367
2020-05-08 00:00:00-04:00,-0.33322476305694826
2020-05-11 00:00:00-04:00,-0.3158995568904408
2020-05-12 00:00:00-04:00,-0.3286805725984902
2020-05-13 00:00:00-04:00,-0.34202984865708774
2020-05-14 00:00:00-04:00,-0.3353194786841012
2020-05-15 00:00:00-04:00,-0.3418166814540907
2020-05-18 00:00:00-04:00,-0.3160767695208175
2020-05-19 00:00:00-04:00,-0.3225383516615855
2020-05-20 00:00:00-04:00,-0.3009168523531079
2020-05-21 00:00:00-04:00,-0.3093668448056962
2020-05-22 00:00:00-04:00,-0.30212450299818083
2020-05-26 00:00:00-04:00,-0.30979273395382495
2020-05-27 00:00:00-04:00,-0.30489345034781573
2020-05-28 00:00:00-04:00,-0.3043964312557104
2020-05-29 00:00:00-04:00,-0.3054969973841864
2020-06-01 00:00:00-04:00,-0.2916150816042621
2020-06-02 00:00:00-04:00,-0.28632530685041285
2020-06-03 00:00:00-04:00,-0.28000553933973266
2020-06-04 00:00:00-04:00,-0.28994658906863685
2020-06-05 00:00:00-04:00,-0.25735426990335664
2020-06-08 00:00:00-04:00,-0.25039600261388223
2020-06-09 00:00:00-04:00,-0.2130111504157907
2020-06-10 00:00:00-04:00,-0.18159074995189564
2020-06-11 00:00:00-04:00,-0.24173306558722954
2020-06-12 00:00:00-04:00,-0.23143714533970675
2020-06-15 00:00:00-04:00,-0.21656141400450446
2020-06-16 00:00:00-04:00,-0.18428901261541925
2020-06-17 00:00:00-04:00,-0.186028635095021
2020-06-18 00:00:00-04:00,-0.1855311707450504
2020-06-19 00:00:00-04:00,-0.19266787512403097
2020-06-22 00:00:00-04:00,-0.16018208390301608
2020-06-23 00:00:00-04:00,-0.13298684663711463
2020-06-24 00:00:00-04:00,-0.15595736596288773
2020-06-25 00:00:00-04:00,-0.13898658505713354
2020-06-26 00:00:00-04:00,-0.17878595934410668
2020-06-29 00:00:00-04:00,-0.14985109959860346
2020-06-30 00:00:00-04:00,-0.13912873363062034
2020-07-01 00:00:00-04:00,-0.14157854240532444
2020-07-02 00:00:00-04:00,-0.14157854240532444
2020-07-06 00:00:00-04:00,-0.1069985921294882
2020-07-07 00:00:00-04:00,-0.11111678212535121
2020-07-08 00:00:00-04:00,-0.0802999286978268
2020-07-09 00:00:00-04:00,-0.07447751422265084
2020-07-10 00:00:00-04:00,-0.07209861276299065
2020-07-13 00:00:00-04:00,-0.07838287095891577
2020-07-14 00:00:00-04:00,-0.05594454609660416
2020-07-15 00:00:00-04:00,-0.04646522877398275
2020-07-16 00:00:00-04:00,-0.06354242630953597
2020-07-17 00:00:00-04:00,-0.06631159628810349
2020-07-20 00:00:00-04:00,-0.03748337580133193
2020-07-21 00:00:00-04:00,-0.05676137165043816
2020-07-22 00:00:00-04:00,-0.05289152422892834
2020-07-23 00:00:00-04:00,-0.11576750052807465
2020-07-24 00:00:00-04:00,-0.11903391222768012
2020-07-27 00:00:00-04:00,-0.08786218828153718
2020-07-28 00:00:00-04:00,-0.10998092931105274
2020-07-29 00:00:00-04:00,-0.08459577658193171
2020-07-30 00:00:00-04:00,-0.06826438597070227
2020-07-31 00:00:00-04:00,0.0747427559947844
2020-08-03 00:00:00-04:00,0.11276644191506906
2020-08-04 00:00:00-04:00,0.1230982054207459
2020-08-05 00:00:00-04:00,0.12874296200767996
2020-08-06 00:00:00-04:00,0.18327591905636859
2020-08-07 00:00:00-04:00,0.14649962304563202
2020-08-10 00:00:00-04:00,0.1694759307236536
2020-08-11 00:00:00-04:00,0.12178013082508653
2020-08-12 00:00:00-04:00,0.17349482821556186
2020-08-13 00:00:00-04:00,0.2019486981521094
2020-08-14 00:00:00-04:00,0.2004905899578233
2020-08-17 00:00:00-04:00,0.196222348061365
2020-08-18 00:00:00-04:00,0.20980928050554928
2020-08-19 00:00:00-04:00,0.21187216019533556
2020-08-20 00:00:00-04:00,0.2483996683738537
2020-08-21 00:00:00-04:00,0.3351124131756518
2020-08-24 00:00:00-04:00,0.3562748516250382
2020-08-25 00:00:00-04:00,0.3415856833353832
2020-08-26 00:00:00-04:00,0.3657358020607173
2020-08-27 00:00:00-04:00,0.3442178252059145
2020-08-28 00:00:00-04:00,0.3413366728742321
2020-08-31 00:00:00-04:00,0.40155156554160465
2020-09-01 00:00:00-04:00,0.4746780457860164
2020-09-02 00:00:00-04:00,0.4351273480167954
2020-09-03 00:00:00-04:00,0.2854607067894291
2020-09-04 00:00:00-04:00,0.2865987858930539
2020-09-08 00:00:00-04:00,0.17079200165891925
2020-09-09 00:00:00-04:00,0.23481295855860201
2020-09-10 00:00:00-04:00,0.1803239707241086
2020-09-11 00:00:00-04:00,0.1591255777021018
2020-09-14 00:00:00-04:00,0.20692812817386688
2020-09-15 00:00:00-04:00,0.20948902878595532
2020-09-16 00:00:00-04:00,0.1609755128178237
2020-09-17 00:00:00-04:00,0.1355092118427576
2020-09-18 00:00:00-04:00,0.08571480031071652
2020-09-21 00:00:00-04:00,0.13181012081257804
2020-09-22 00:00:00-04:00,0.15642263983099292
2020-09-23 00:00:00-04:00,0.0896985224312686
2020-09-24 00:00:00-04:00,0.10534822325077285
2020-09-25 00:00:00-04:00,0.1631091885081876
2020-09-28 00:00:00-04:00,0.20123762134127654
2020-09-29 00:00:00-04:00,0.1888600092591599
2020-09-30 00:00:00-04:00,0.2133304910185543
2020-10-01 00:00:00-04:00,0.22727273923922242
2020-10-02 00:00:00-04:00,0.17363719941798128
2020-10-05 00:00:00-04:00,0.22314709117411616
2020-10-06 00:00:00-04:00,0.17562906047825733
2020-10-07 00:00:00-04:00,0.20294485131118006
2020-10-08 00:00:00-04:00,0.201379658600297
2020-10-09 00:00:00-04:00,0.22983352853684455
2020-10-12 00:00:00-04:00,0.3355390815250448
2020-10-13 00:00:00-04:00,0.2885905356388636
2020-10-14 00:00:00-04:00,0.28987098594490784
2020-10-15 00:00:00-04:00,0.28304206606529375
2020-10-16 00:00:00-04:00,0.258998475284225
2020-10-19 00:00:00-04:00,0.2157487977992907
2020-10-20 00:00:00-04:00,0.23751611905864356
2020-10-21 00:00:00-04:00,0.2284107070283809
2020-10-22 00:00:00-04:00,0.21247648643297043
2020-10-23 00:00:00-04:00,0.2023753665015024
2020-10-26 00:00:00-04:00,0.20251784901838812
2020-10-27 00:00:00-04:00,0.22456935611024822
2020-10-28 00:00:00-04:00,0.14774411877905586
2020-10-29 00:00:00-04:00,0.2063590886220545
2020-10-30 00:00:00-04:00,0.11445319002317025
2020-11-02 00:00:00-05:00,0.11317273971712603
2020-11-03 00:00:00-05:00,0.1369316994078223
2020-11-04 00:00:00-05:00,0.20109525013885712
2020-11-05 00:00:00-05:00,0.2591409578011107
2020-11-06 00:00:00-05:00,0.257216998565288
2020-11-09 00:00:00-05:00,0.22344107267965932
2020-11-10 00:00:00-05:00,0.2184529601295291
2020-11-11 00:00:00-05:00,0.2686181601488721
2020-11-12 00:00:00-05:00,0.26462753653140836
2020-11-13 00:00:00-05:00,0.26534039437370227
2020-11-16 00:00:00-05:00,0.2801616929348756
2020-11-17 00:00:00-05:00,0.26719322366554843
2020-11-18 00:00:00-05:00,0.2478111487904358
2020-11-19 00:00:00-05:00,0.2565043633519267
2020-11-20 00:00:00-05:00,0.23797751752152746
2020-11-23 00:00:00-05:00,0.18824021031070695
2020-11-24 00:00:00-05:00,0.20705190986041136
2020-11-25 00:00:00-05:00,0.21930796654530985
2020-11-27 00:00:00-05:00,0.2272889911513047
2020-11-30 00:00:00-05:00,0.26234770494677023
2020-12-01 00:00:00-05:00,0.31465047666279816
2020-12-02 00:00:00-05:00,0.3197808491008815
2020-12-03 00:00:00-05:00,0.31778564860661596
2020-12-04 00:00:00-05:00,0.3079521286521739
2020-12-07 00:00:00-05:00,0.3293290700781531
2020-12-08 00:00:00-05:00,0.3383076949312807
2020-12-09 00:00:00-05:00,0.30125389195601593
2020-12-10 00:00:00-05:00,0.3220610146289185
2020-12-11 00:00:00-05:00,0.31023251680914354
2020-12-14 00:00:00-05:00,0.30125389195601593
2020-12-15 00:00:00-05:00,0.38818748465898695
2020-12-16 00:00:00-05:00,0.3871901070407868
2020-12-17 00:00:00-05:00,0.39987394521974146
2020-12-18 00:00:00-05:00,0.37080094422153886
2020-12-21 00:00:00-05:00,0.39317559720911716
2020-12-22 00:00:00-05:00,0.4451932925769073
2020-12-23 00:00:00-05:00,0.43208189553282916
2020-12-24 00:00:00-05:00,0.4464758578578116
2020-12-28 00:00:00-05:00,0.5137429672242301
2020-12-29 00:00:00-05:00,0.4878051381698453
2020-12-30 00:00:00-05:00,0.47141653192292887
2020-12-31 00:00:00-05:00,0.4567374932497087
2021-01-04 00:00:00-05:00,0.4099922075790223
2021-01-05 00:00:00-05:00,0.4327948646895894
2021-01-06 00:00:00-05:00,0.3699457151768255
2021-01-07 00:00:00-05:00,0.4315122994086852
2021-01-08 00:00:00-05:00,0.44761660850862794
2021-01-11 00:00:00-05:00,0.40386434620827255
2021-01-12 00:00:00-05:00,0.4012991043319977
2021-01-13 00:00:00-05:00,0.43108474054356166
2021-01-14 00:00:00-05:00,0.4028667459611398
2021-01-15 00:00:00-05:00,0.37764155212011624
2021-01-19 00:00:00-05:00,0.3874751833890246
2021-01-20 00:00:00-05:00,0.44733142084592387
2021-01-21 00:00:00-05:00,0.5163076525281733
2021-01-22 00:00:00-05:00,0.5476611529978119
2021-01-25 00:00:00-05:00,0.6025293892190473
2021-01-26 00:00:00-05:00,0.6059496375111028
2021-01-27 00:00:00-05:00,0.5902727759618172
2021-01-28 00:00:00-05:00,0.51944315841539
2021-01-29 00:00:00-05:00,0.44633359796985844
2021-02-01 00:00:00-05:00,0.4774019107767929
2021-02-02 00:00:00-05:00,0.489515596259272
2021-02-03 00:00:00-05:00,0.4745513699233477
2021-02-04 00:00:00-05:00,0.5237189696955579
2021-02-05 00:00:00-05:00,0.517652553910215
2021-02-08 00:00:00-05:00,0.5197937989842885
2021-02-09 00:00:00-05:00,0.5069485548291742
2021-02-10 00:00:00-05:00,0.4980995000148396
2021-02-11 00:00:00-05:00,0.4943880530788988
2021-02-12 00:00:00-05:00,0.4978136444653376
2021-02-16 00:00:00-05:00,0.46669902484041526
2021-02-17 00:00:00-05:00,0.433158195107648
2021-02-18 00:00:00-05:00,0.4170300647119134
2021-02-19 00:00:00-05:00,0.41931368098840627
2021-02-22 00:00:00-05:00,0.36407832965725745
2021-02-23 00:00:00-05:00,0.36208012367240133
2021-02-24 00:00:00-05:00,0.3548010480910014
2021-02-25 00:00:00-05:00,0.29257180884115674
2021-02-26 00:00:00-05:00,0.2964256269795169
2021-03-01 00:00:00-05:00,0.38962633545060027
2021-03-02 00:00:00-05:00,0.3515180505359147
2021-03-03 00:00:00-05:00,0.3078439309909138
2021-03-04 00:00:00-05:00,0.28029738526931597
2021-03-05 00:00:00-05:00,0.29870913194154347
2021-03-08 00:00:00-05:00,0.2264891967108172
2021-03-09 00:00:00-05:00,0.29399908292827304
2021-03-10 00:00:00-05:00,0.2781564741386415
2021-03-11 00:00:00-05:00,0.3064163229603985
2021-03-12 00:00:00-05:00,0.2931426294244302
2021-03-15 00:00:00-04:00,0.33539014276911266
2021-03-16 00:00:00-04:00,0.35794089524240447
2021-03-17 00:00:00-04:00,0.34638033134305446
2021-03-18 00:00:00-04:00,0.28600648161778125
2021-03-19 00:00:00-04:00,0.27829906796999354
2021-03-22 00:00:00-04:00,0.32682649824641474
2021-03-23 00:00:00-04:00,0.31469466850592603
2021-03-24 00:00:00-04:00,0.2797265646860425
2021-03-25 00:00:00-04:00,0.28686271249269146
2021-03-26 00:00:00-04:00,0.29571187862149245
2021-03-29 00:00:00-04:00,0.2982807938751557
2021-03-30 00:00:00-04:00,0.2770147216576282
2021-03-31 00:00:00-04:00,0.30912838861774544
2021-04-01 00:00:00-04:00,0.32125999572930153
2021-04-05 00:00:00-04:00,0.36265116688460747
2021-04-06 00:00:00-04:00,0.36707558297730847
2021-04-07 00:00:00-04:00,0.3911967599414002
2021-04-08 00:00:00-04:00,0.42630723496370315
2021-04-09 00:00:00-04:00,0.4639878496987989
2021-04-12 00:00:00-04:00,0.43886751408504593
2021-04-13 00:00:00-04:00,0.48439757972694986
2021-04-14 00:00:00-04:00,0.4501432242650908
2021-04-15 00:00:00-04:00,0.48539651574767845
2021-04-16 00:00:00-04:00,0.48054342764519076
2021-04-19 00:00:00-04:00,0.49024960385016614
2021-04-20 00:00:00-04:00,0.4655573836738683
2021-04-21 00:00:00-04:00,0.47112332961864994
2021-04-22 00:00:00-04:00,0.44885798743699495
2021-04-23 00:00:00-04:00,0.4828273778650825
2021-04-26 00:00:00-04:00,0.4885364742135478
2021-04-27 00:00:00-04:00,0.4838263138858111
2021-04-28 00:00:00-04:00,0.4722660839298601
2021-04-29 00:00:00-04:00,0.4708383645848785
2021-04-30 00:00:00-04:00,0.4420074725509153
2021-05-03 00:00:00-04:00,0.4574214093307602
2021-05-04 00:00:00-04:00,0.3904827889544431
2021-05-05 00:00:00-04:00,0.39405141943009914
2021-05-06 00:00:00-04:00,0.41745840277830115
2021-05-07 00:00:00-04:00,0.42732375867010985
2021-05-10 00:00:00-04:00,0.3792853328442191
2021-05-11 00:00:00-04:00,0.36584633732577004
2021-05-12 00:00:00-04:00,0.3209536583179972
2021-05-13 00:00:00-04:00,0.3524070078639221
2021-05-14 00:00:00-04:00,0.3878635595620045
2021-05-17 00:00:00-04:00,0.3709931843048683
2021-05-18 00:00:00-04:00,0.3506915406235111
2021-05-19 00:00:00-04:00,0.34840380571176455
2021-05-20 00:00:00-04:00,0.3858617915142263
2021-05-21 00:00:00-04:00,0.35898357784839563
2021-05-24 00:00:00-04:00,0.38285952904319104
2021-05-25 00:00:00-04:00,0.3800005282903057
2021-05-26 00:00:00-04:00,0.3792853328442191
2021-05-27 00:00:00-04:00,0.3568392159692653
2021-05-28 00:00:00-04:00,0.34726016088482387
2021-06-01 00:00:00-04:00,0.3425420972299787
2021-06-02 00:00:00-04:00,0.3536938030945464
2021-06-03 00:00:00-04:00,0.3319622137788813
2021-06-04 00:00:00-04:00,0.3655600365184028
2021-06-07 00:00:00-04:00,0.3657031869220864
2021-06-08 00:00:00-04:00,0.3777124594351602
2021-06-09 00:00:00-04:00,0.38328842368191035
2021-06-10 00:00:00-04:00,0.36870578333652065
2021-06-11 00:00:00-04:00,0.38643372524216296
2021-06-14 00:00:00-04:00,0.43118325384625217
2021-06-15 00:00:00-04:00,0.41917398133317846
2021-06-16 00:00:00-04:00,0.4264654128203396
2021-06-17 00:00:00-04:00,0.449912580690882
2021-06-18 00:00:00-04:00,0.4308977322401491
2021-06-21 00:00:00-04:00,0.4572041234925095
2021-06-22 00:00:00-04:00,0.48122266851865697
2021-06-23 00:00:00-04:00,0.477220022938831
2021-06-24 00:00:00-04:00,0.47307378169745606
2021-06-25 00:00:00-04:00,0.4687846126813302
2021-06-28 00:00:00-04:00,0.4926606751905919
2021-06-29 00:00:00-04:00,0.5148209365160438
2021-06-30 00:00:00-04:00,0.5238282805014811
2021-07-01 00:00:00-04:00,0.5282599320344927
2021-07-02 00:00:00-04:00,0.5667188575180768
2021-07-06 00:00:00-04:00,0.5961704390162235
2021-07-07 00:00:00-04:00,0.6326283756532934
2021-07-08 00:00:00-04:00,0.6136127480012964
2021-07-09 00:00:00-04:00,0.6403478112634434
2021-07-12 00:00:00-04:00,0.6316267680853732
2021-07-13 00:00:00-04:00,0.6479256548724381
2021-07-14 00:00:00-04:00,0.6981079973195939
2021-07-15 00:00:00-04:00,0.6885291648640851
2021-07-16 00:00:00-04:00,0.6586485774127528
2021-07-19 00:00:00-04:00,0.6023183369909103
2021-07-20 00:00:00-04:00,0.6552167524162004
2021-07-21 00:00:00-04:00,0.6444942751337509
2021-07-22 00:00:00-04:00,0.6645101745800724
2021-07-23 00:00:00-04:00,0.6896725870620931
2021-07-26 00:00:00-04:00,0.6958209302946452
2021-07-27 00:00:00-04:00,0.6640811686268867
2021-07-28 00:00:00-04:00,0.6384897501916804
2021-07-29 00:00:00-04:00,0.6479256548724381
2021-07-30 00:00:00-04:00,0.651071401690556
2021-08-02 00:00:00-04:00,0.6462100763175609
2021-08-03 00:00:00-04:00,0.6725168015133202
2021-08-04 00:00:00-04:00,0.6666547590881353
2021-08-05 00:00:00-04:00,0.6682271872393291
2021-08-06 00:00:00-04:00,0.6582046553210807
2021-08-09 00:00:00-04:00,0.6574886806737299
2021-08-10 00:00:00-04:00,0.6504725298617706
2021-08-11 00:00:00-04:00,0.6541951082443431
2021-08-12 00:00:00-04:00,0.6975799214913861
2021-08-13 00:00:00-04:00,0.7005865252266078
2021-08-16 00:00:00-04:00,0.7295100308965466
2021-08-17 00:00:00-04:00,0.7161945944357095
2021-08-18 00:00:00-04:00,0.6613546320889186
2021-08-19 00:00:00-04:00,0.6662230815877581
2021-08-20 00:00:00-04:00,0.6875576122020706
2021-08-23 00:00:00-04:00,0.7093213713985013
2021-08-24 00:00:00-04:00,0.708032127249618
2021-08-25 00:00:00-04:00,0.6899911690646924
2021-08-26 00:00:00-04:00,0.6782506096733079
2021-08-27 00:00:00-04:00,0.6934278918977628
2021-08-30 00:00:00-04:00,0.7581470131301856
2021-08-31 00:00:00-04:00,0.7396763811052764
2021-09-01 00:00:00-04:00,0.7494128348450901
2021-09-02 00:00:00-04:00,0.7657353202990143
2021-09-03 00:00:00-04:00,0.775042322827777
2021-09-07 00:00:00-04:00,0.8092637292076061
2021-09-08 00:00:00-04:00,0.786640844960141
2021-09-09 00:00:00-04:00,0.7717496409141207
2021-09-10 00:00:00-04:00,0.6987255699787205
2021-09-13 00:00:00-04:00,0.7070302970527652
2021-09-14 00:00:00-04:00,0.6865551141184199
2021-09-15 00:00:00-04:00,0.6995844724008223
2021-09-16 00:00:00-04:00,0.6961484174545498
2021-09-17 00:00:00-04:00,0.6570590068337464
2021-09-20 00:00:00-04:00,0.6123858399535506
2021-09-21 00:00:00-04:00,0.619401322878712
2021-09-22 00:00:00-04:00,0.6540521804695921
2021-09-23 00:00:00-04:00,0.6680844820935107
2021-09-24 00:00:00-04:00,0.6693723904687982
2021-09-27 00:00:00-04:00,0.6471796253191817
2021-09-28 00:00:00-04:00,0.5976380089401465
2021-09-29 00:00:00-04:00,0.6108107402551654
2021-09-30 00:00:00-04:00,0.5917668387287237
2021-10-01 00:00:00-04:00,0.6082331424731293
2021-10-04 00:00:00-04:00,0.5579757740756759
2021-10-05 00:00:00-04:00,0.586183305098264
2021-10-06 00:00:00-04:00,0.5989261399443666
2021-10-07 00:00:00-04:00,0.6173974398560736
2021-10-08 00:00:00-04:00,0.6118132383388161
2021-10-11 00:00:00-04:00,0.610524439447798
2021-10-12 00:00:00-04:00,0.5919104343902726
2021-10-13 00:00:00-04:00,0.5833191838799281
2021-10-14 00:00:00-04:00,0.6241268446028004
2021-10-15 00:00:00-04:00,0.6395906502635553
2021-10-18 00:00:00-04:00,0.6640749350167731
2021-10-19 00:00:00-04:00,0.6957185209856336
2021-10-20 00:00:00-04:00,0.7028780448302092
2021-10-21 00:00:00-04:00,0.7060275763401818
2021-10-22 00:00:00-04:00,0.6947164681598482
2021-10-25 00:00:00-04:00,0.6940002708835648
2021-10-26 00:00:00-04:00,0.7037376151391089
2021-10-27 00:00:00-04:00,0.6970073198766517
2021-10-28 00:00:00-04:00,0.7502719598961246
2021-10-29 00:00:00-04:00,0.7106099476605866
2021-11-01 00:00:00-04:00,0.6985824195750369
2021-11-02 00:00:00-04:00,0.7137601470573571
2021-11-03 00:00:00-04:00,0.7348083768643023
2021-11-04 00:00:00-04:00,0.7272189565508106
2021-11-05 00:00:00-04:00,0.7349622134567524
2021-11-08 00:00:00-05:00,0.7229177655723225
2021-11-09 00:00:00-05:00,0.7282227904080572
2021-11-10 00:00:00-05:00,0.6867826408875717
2021-11-11 00:00:00-05:00,0.6860651078376925
2021-11-12 00:00:00-05:00,0.7164646433309945
2021-11-15 00:00:00-05:00,0.7166075711057455
2021-11-16 00:00:00-05:00,0.7309479911724295
2021-11-17 00:00:00-05:00,0.7666525515014662
2021-11-18 00:00:00-05:00,0.8294586223157654
2021-11-19 00:00:00-05:00,0.867887938151309
2021-11-22 00:00:00-05:00,0.8746273612000044
2021-11-23 00:00:00-05:00,0.8802193547299042
2021-11-24 00:00:00-05:00,0.8878194612321623
2021-11-26 00:00:00-05:00,0.8142586319401817
2021-11-29 00:00:00-05:00,0.8634427062534068
2021-11-30 00:00:00-05:00,0.9359994790592082
2021-12-01 00:00:00-05:00,0.9283998178148154
2021-12-02 00:00:00-05:00,0.9139166926023131
2021-12-03 00:00:00-05:00,0.8863852856481343
2021-12-06 00:00:00-05:00,0.9362866703823061
2021-12-07 00:00:00-05:00,1.020313953684207
2021-12-08 00:00:00-05:00,1.0762378963039927
2021-12-09 00:00:00-05:00,1.0687813854632835
2021-12-10 00:00:00-05:00,1.138900371456743
2021-12-13 00:00:00-05:00,1.085702074859195
2021-12-14 00:00:00-05:00,1.0654835830841767
2021-12-15 00:00:00-05:00,1.136749775967499
2021-12-16 00:00:00-05:00,1.0358006901250232
2021-12-17 00:00:00-05:00,1.0197411294405399
2021-12-20 00:00:00-05:00,0.9998091611018214
2021-12-21 00:00:00-05:00,1.0462684799085393
2021-12-22 00:00:00-05:00,1.084267231388369
2021-12-23 00:00:00-05:00,1.0934448865072715
2021-12-27 00:00:00-05:00,1.1515187567295033
2021-12-28 00:00:00-05:00,1.1366059576770173
2021-12-29 00:00:00-05:00,1.1378965375994965
2021-12-30 00:00:00-05:00,1.1209762934614502
2021-12-31 00:00:00-05:00,1.1119420113751641
2022-01-03 00:00:00-05:00,1.1756087656430263
2022-01-04 00:00:00-05:00,1.142485142530015
2022-01-05 00:00:00-05:00,1.0739430372664018
2022-01-06 00:00:00-05:00,1.0320727686480675
2022-01-07 00:00:00-05:00,1.0345103328314769
2022-01-10 00:00:00-05:00,1.0347975241545746
2022-01-11 00:00:00-05:00,1.0762378963039927
2022-01-12 00:00:00-05:00,1.0826903506585228
2022-01-13 00:00:00-05:00,1.0347975241545746
2022-01-14 00:00:00-05:00,1.0474156867984021
2022-01-18 00:00:00-05:00,1.0005260262649027
2022-01-19 00:00:00-05:00,0.9493349521239824
2022-01-20 00:00:00-05:00,0.9246712284510618
2022-01-21 00:00:00-05:00,0.8945593295387229
2022-01-24 00:00:00-05:00,0.8832310789305764
2022-01-25 00:00:00-05:00,0.8568464336083952
2022-01-26 00:00:00-05:00,0.8555558536859161
2022-01-27 00:00:00-05:00,0.8488162080082883
2022-01-28 00:00:00-05:00,1.008126132767161
2022-01-31 00:00:00-05:00,1.0719360374387066
2022-02-01 00:00:00-05:00,1.0694980279974322
2022-02-02 00:00:00-05:00,1.087135582556425
2022-02-03 00:00:00-05:00,1.0449785678728583
2022-02-04 00:00:00-05:00,1.0408147389458053
2022-02-07 00:00:00-05:00,1.0303333687973983
2022-02-08 00:00:00-05:00,1.07584718252722
2022-02-09 00:00:00-05:00,1.0966652140178217
2022-02-10 00:00:00-05:00,1.0369378787129175
2022-02-11 00:00:00-05:00,0.9869734899908104
2022-02-14 00:00:00-05:00,0.9904195632390514
2022-02-15 00:00:00-05:00,1.0465576748920309
2022-02-16 00:00:00-05:00,1.0431116016437898
2022-02-17 00:00:00-05:00,0.9904195632390514
2022-02-18 00:00:00-05:00,0.9677345655193814
2022-02-22 00:00:00-05:00,0.9249488467300564
2022-02-23 00:00:00-05:00,0.863929150471212
2022-02-24 00:00:00-05:00,0.902264071639319
2022-02-25 00:00:00-05:00,0.9325583036474852
2022-02-28 00:00:00-05:00,0.9364349412514402
2022-03-01 00:00:00-05:00,0.9088683589259053
2022-03-02 00:00:00-05:00,0.957109377080493
2022-03-03 00:00:00-05:00,0.9523718333940423
2022-03-04 00:00:00-05:00,0.9084377945701912
2022-03-07 00:00:00-05:00,0.8528736203055421
2022-03-08 00:00:00-05:00,0.8261690572071659
2022-03-09 00:00:00-05:00,0.9052784673871828
2022-03-10 00:00:00-05:00,0.841674717107256
2022-03-11 00:00:00-05:00,0.7872597533928635
2022-03-14 00:00:00-04:00,0.7282503963957038
2022-03-15 00:00:00-04:00,0.7924285293218261
2022-03-16 00:00:00-04:00,0.8570376718615278
2022-03-17 00:00:00-04:00,0.8718253534538734
2022-03-18 00:00:00-04:00,0.9200670394952588
2022-03-21 00:00:00-04:00,0.9401682058227792
2022-03-22 00:00:00-04:00,0.989557989269758
2022-03-23 00:00:00-04:00,1.0095148920489316
2022-03-24 00:00:00-04:00,1.0649352480230991
2022-03-25 00:00:00-04:00,1.0742674076212495
2022-03-28 00:00:00-04:00,1.0869024900639572
2022-03-29 00:00:00-04:00,1.1351437308474774
2022-03-30 00:00:00-04:00,1.118058296041417
2022-03-31 00:00:00-04:00,1.0726885232310095
2022-04-01 00:00:00-04:00,1.0683810986424076
2022-04-04 00:00:00-04:00,1.127677646962665
2022-04-05 00:00:00-04:00,1.0791489922271142
2022-04-06 00:00:00-04:00,1.032773827156932
2022-04-07 00:00:00-04:00,1.0372248474070827
2022-04-08 00:00:00-04:00,1.0077917441103448
2022-04-11 00:00:00-04:00,0.9454801321554255
2022-04-12 00:00:00-04:00,0.9729033414483441
2022-04-13 00:00:00-04:00,1.0122425417315628
2022-04-14 00:00:00-04:00,0.9388753996109738
2022-04-18 00:00:00-04:00,0.9357169629436958
2022-04-19 00:00:00-04:00,0.9691705221348704
2022-04-20 00:00:00-04:00,0.9667293958885391
2022-04-21 00:00:00-04:00,0.9550997057056062
2022-04-22 00:00:00-04:00,0.8886240421947015
2022-04-25 00:00:00-04:00,0.9042737430142057
2022-04-26 00:00:00-04:00,0.8169800480126993
2022-04-27 00:00:00-04:00,0.8136780156838723
2022-04-28 00:00:00-04:00,0.9151859001472593
2022-04-29 00:00:00-04:00,0.8291836755839624
2022-05-02 00:00:00-04:00,0.8336346958341132
2022-05-03 00:00:00-04:00,0.855458564842355
2022-05-04 00:00:00-04:00,0.9493567697593807
2022-05-05 00:00:00-04:00,0.8165488157701872
2022-05-06 00:00:00-04:00,0.8271893656054274
2022-05-09 00:00:00-04:00,0.7521324698861466
2022-05-10 00:00:00-04:00,0.787360381670414
2022-05-11 00:00:00-04:00,0.6721875333219546
2022-05-12 00:00:00-04:00,0.6155351488345906
2022-05-13 00:00:00-04:00,0.6809584453809346
2022-05-16 00:00:00-04:00,0.6583836489829185
2022-05-17 00:00:00-04:00,0.711585285014456
2022-05-18 00:00:00-04:00,0.590516777271984
2022-05-19 00:00:00-04:00,0.5406229619215218
2022-05-20 00:00:00-04:00,0.5440739330062809
2022-05-23 00:00:00-04:00,0.6234440416664121
2022-05-24 00:00:00-04:00,0.583902471683429
2022-05-25 00:00:00-04:00,0.5862031190732684
2022-05-26 00:00:00-04:00,0.6330774182104162
2022-05-27 00:00:00-04:00,0.7173364582311891
2022-05-31 00:00:00-04:00,0.7058329986530597
2022-06-01 00:00:00-04:00,0.7039644740214629
2022-06-02 00:00:00-04:00,0.7399110320002726
2022-06-03 00:00:00-04:00,0.6560832242220117
2022-06-06 00:00:00-04:00,0.6670109653803497
2022-06-07 00:00:00-04:00,0.7039644740214629
2022-06-08 00:00:00-04:00,0.6931801058957412
2022-06-09 00:00:00-04:00,0.6166859177873756
2022-06-10 00:00:00-04:00,0.5374596274177259
2022-06-13 00:00:00-04:00,0.46197172208486575
2022-06-14 00:00:00-04:00,0.47462461484218427
2022-06-15 00:00:00-04:00,0.5130154158723823
2022-06-16 00:00:00-04:00,0.43580213631160897
2022-06-17 00:00:00-04:00,0.45736998204732177
2022-06-21 00:00:00-04:00,0.5193418622510416
2022-06-22 00:00:00-04:00,0.5118655374353279
2022-06-23 00:00:00-04:00,0.5538511278407665
2022-06-24 00:00:00-04:00,0.6025948421252416
2022-06-27 00:00:00-04:00,0.6025948421252416
2022-06-28 00:00:00-04:00,0.5419166586490578
2022-06-29 00:00:00-04:00,0.5676543442930047
2022-06-30 00:00:00-04:00,0.531564190652646
2022-07-01 00:00:00-04:00,0.5633411313521544
2022-07-05 00:00:00-04:00,0.6011566592204263
2022-07-06 00:00:00-04:00,0.6207112715183302
2022-07-07 00:00:00-04:00,0.6700307042225967
2022-07-08 00:00:00-04:00,0.6799517173475639
2022-07-11 00:00:00-04:00,0.6487502724389144
2022-07-12 00:00:00-04:00,0.6629853890204624
2022-07-13 00:00:00-04:00,0.6576652254173087
2022-07-14 00:00:00-04:00,0.7005137255656365
2022-07-15 00:00:00-04:00,0.7249570465952495
2022-07-18 00:00:00-04:00,0.6803836174768738
2022-07-19 00:00:00-04:00,0.736891738415891
2022-07-20 00:00:00-04:00,0.7662235455482805
2022-07-21 00:00:00-04:00,0.7994386691526042
2022-07-22 00:00:00-04:00,0.7813213492437852
2022-07-25 00:00:00-04:00,0.7649296261918119
2022-07-26 00:00:00-04:00,0.7455190548133221
2022-07-27 00:00:00-04:00,0.8201440504032931
2022-07-28 00:00:00-04:00,0.8281954257520002
2022-07-29 00:00:00-04:00,0.9023896343573244
2022-08-01 00:00:00-04:00,0.8880111447431601
2022-08-02 00:00:00-04:00,0.8664430763785147
2022-08-03 00:00:00-04:00,0.9544407240650097
2022-08-04 00:00:00-04:00,0.949839429285331
2022-08-05 00:00:00-04:00,0.9465276012834682
2022-08-08 00:00:00-04:00,0.9396160860698469
2022-08-09 00:00:00-04:00,0.9403365132958504
2022-08-10 00:00:00-04:00,1.0025385918159138
2022-08-11 00:00:00-04:00,0.9917397528095708
2022-08-12 00:00:00-04:00,1.0437182654852175
2022-08-15 00:00:00-04:00,1.0594129373491137
2022-08-16 00:00:00-04:00,1.05710939578315
2022-08-17 00:00:00-04:00,1.0789951556346642
2022-08-18 00:00:00-04:00,1.073235522518491
2022-08-19 00:00:00-04:00,1.0353674542221176
2022-08-22 00:00:00-04:00,0.9784931086889176
2022-08-23 00:00:00-04:00,0.9735968305734989
2022-08-24 00:00:00-04:00,0.9779164997533956
2022-08-25 00:00:00-04:00,1.0139133718709807
2022-08-26 00:00:00-04:00,0.9216180952689197
2022-08-29 00:00:00-04:00,0.8893649512825073
2022-08-30 00:00:00-04:00,0.8538008698099626
2022-08-31 00:00:00-04:00,0.8294666369573402
2022-09-01 00:00:00-04:00,0.8401218803021342
2022-09-02 00:00:00-04:00,0.8091648819615167
2022-09-06 00:00:00-04:00,0.7907343231444817
2022-09-07 00:00:00-04:00,0.8113241599791334
2022-09-08 00:00:00-04:00,0.7897267045953803
2022-09-09 00:00:00-04:00,0.8316265828617548
2022-09-12 00:00:00-04:00,0.9188822083157809
2022-09-13 00:00:00-04:00,0.7807992843967585
2022-09-14 00:00:00-04:00,0.8019657301669323
2022-09-15 00:00:00-04:00,0.7596330612555173
2022-09-16 00:00:00-04:00,0.7355878007574538
2022-09-19 00:00:00-04:00,0.790014563805276
2022-09-20 00:00:00-04:00,0.8248593311964804
2022-09-21 00:00:00-04:00,0.779071683879519
2022-09-22 00:00:00-04:00,0.764961239500246
2022-09-23 00:00:00-04:00,0.7316995864490017
2022-09-26 00:00:00-04:00,0.7365954193065551
2022-09-27 00:00:00-04:00,0.750850127234175
2022-09-28 00:00:00-04:00,0.7232049568954203
2022-09-29 00:00:00-04:00,0.6172311360433961
2022-09-30 00:00:00-04:00,0.5556047759431242
2022-10-03 00:00:00-04:00,0.6167990132851536
2022-10-04 00:00:00-04:00,0.6693539122673895
2022-10-05 00:00:00-04:00,0.6736735814472862
2022-10-06 00:00:00-04:00,0.6597069553584947
2022-10-07 00:00:00-04:00,0.582818046152569
2022-10-10 00:00:00-04:00,0.5875696154617757
2022-10-11 00:00:00-04:00,0.5668357377077097
2022-10-12 00:00:00-04:00,0.5576204582991922
2022-10-13 00:00:00-04:00,0.624574106128462
2022-10-14 00:00:00-04:00,0.5581961767189836
2022-10-17 00:00:00-04:00,0.6162230722364296
2022-10-18 00:00:00-04:00,0.635517653941017
2022-10-19 00:00:00-04:00,0.6371009909099097
2022-10-20 00:00:00-04:00,0.6303339618735678
2022-10-21 00:00:00-04:00,0.6862006888576665
2022-10-24 00:00:00-04:00,0.7175891420697287
2022-10-25 00:00:00-04:00,0.7592016063840727
2022-10-26 00:00:00-04:00,0.7161494007623849
2022-10-27 00:00:00-04:00,0.6506357168693914
2022-10-28 00:00:00-04:00,0.8081572634124153
2022-10-31 00:00:00-04:00,0.7735996873443088
2022-11-01 00:00:00-04:00,0.7348678187893156
2022-11-02 00:00:00-04:00,0.6539477675001868
2022-11-03 00:00:00-04:00,0.5653962190292985
2022-11-04 00:00:00-04:00,0.5615022163685979
2022-11-07 00:00:00-05:00,0.5692895538032011
2022-11-08 00:00:00-05:00,0.5776552812047875
2022-11-09 00:00:00-05:00,0.5108788460058942
2022-11-10 00:00:00-05:00,0.6839487972040741
2022-11-11 00:00:00-05:00,0.7247644725685212
2022-11-14 00:00:00-05:00,0.7042850596844558
2022-11-15 00:00:00-05:00,0.7296680974387169
2022-11-16 00:00:00-05:00,0.7116400517318839
2022-11-17 00:00:00-05:00,0.7394757924369733
2022-11-18 00:00:00-05:00,0.7476963657744823
2022-11-21 00:00:00-05:00,0.7003906117658899
2022-11-22 00:00:00-05:00,0.7316873418577068
2022-11-23 00:00:00-05:00,0.744524126113381
2022-11-25 00:00:00-05:00,0.7018330246204254
2022-11-28 00:00:00-05:00,0.6457289751941389
2022-11-29 00:00:00-05:00,0.6017406149107252
2022-11-30 00:00:00-05:00,0.7006793614915162
2022-12-01 00:00:00-05:00,0.7047171824426983
2022-12-02 00:00:00-05:00,0.6975066765725496
2022-12-05 00:00:00-05:00,0.6804875851884139
2022-12-06 00:00:00-05:00,0.6268357934550904
2022-12-07 00:00:00-05:00,0.5984236664434117
2022-12-08 00:00:00-05:00,0.623085831713804
2022-12-09 00:00:00-05:00,0.6160191441341368
2022-12-12 00:00:00-05:00,0.6496236457416373
2022-12-13 00:00:00-05:00,0.6637572435299044
2022-12-14 00:00:00-05:00,0.6311628093897641
2022-12-15 00:00:00-05:00,0.5343873481473772
2022-12-16 00:00:00-05:00,0.5056864714100723
2022-12-19 00:00:00-05:00,0.4748227545922285
2022-12-20 00:00:00-05:00,0.47381246449593556
2022-12-21 00:00:00-05:00,0.5192439055206827
2022-12-22 00:00:00-05:00,0.4728030649153732
2022-12-23 00:00:00-05:00,0.4674668720290698
2022-12-27 00:00:00-05:00,0.4410737668074485
2022-12-28 00:00:00-05:00,0.38352774978449183
2022-12-29 00:00:00-05:00,0.4350160335504784
2022-12-30 00:00:00-05:00,0.43963113132398046
2023-01-03 00:00:00-05:00,0.36953797028670643
2023-01-04 00:00:00-05:00,0.38814329281585913
2023-01-05 00:00:00-05:00,0.3688169864883713
2023-01-06 00:00:00-05:00,0.43516007446989263
2023-01-09 00:00:00-05:00,0.44280448412974494
2023-01-10 00:00:00-05:00,0.4511693210156007
2023-01-11 00:00:00-05:00,0.4909755967994855
2023-01-12 00:00:00-05:00,0.4898217110416437
2023-01-13 00:00:00-05:00,0.5092926148608772
2023-01-17 00:00:00-05:00,0.526311038358215
2023-01-18 00:00:00-05:00,0.5157824708760899
2023-01-19 00:00:00-05:00,0.5166473842793727
2023-01-20 00:00:00-05:00,0.5541463338054392
2023-01-23 00:00:00-05:00,0.6008757015074422
2023-01-24 00:00:00-05:00,0.621354891762575
2023-01-25 00:00:00-05:00,0.6116923508283958
2023-01-26 00:00:00-05:00,0.6419794587107177
2023-01-27 00:00:00-05:00,0.6703915857223963
2023-01-30 00:00:00-05:00,0.6281339427612791
2023-01-31 00:00:00-05:00,0.6467388200325666
2023-02-01 00:00:00-05:00,0.663180857223315
2023-02-02 00:00:00-05:00,0.7409182052915088
2023-02-03 00:00:00-05:00,0.7939927202025123
2023-02-06 00:00:00-05:00,0.7540419582413481
2023-02-07 00:00:00-05:00,0.7961560055409165
2023-02-08 00:00:00-05:00,0.7567827430310048
2023-02-09 00:00:00-05:00,0.7416388551464449
2023-02-10 00:00:00-05:00,0.7469835079321884
2023-02-13 00:00:00-05:00,0.7880064508329178
2023-02-14 00:00:00-05:00,0.7786172982280131
2023-02-15 00:00:00-05:00,0.8093839488312286
2023-02-16 00:00:00-05:00,0.7859838669799382
2023-02-17 00:00:00-05:00,0.7692279229941758
2023-02-21 00:00:00-05:00,0.7104385233824585
2023-02-22 00:00:00-05:00,0.7166498706029459
2023-02-23 00:00:00-05:00,0.7237276896292448
2023-02-24 00:00:00-05:00,0.6848722620166398
2023-02-27 00:00:00-05:00,0.702350191630934
2023-02-28 00:00:00-05:00,0.6949831776211437
2023-03-01 00:00:00-05:00,0.6646495402919013
2023-03-02 00:00:00-05:00,0.6733169298972066
2023-03-03 00:00:00-05:00,0.7472724802867472
2023-03-06 00:00:00-05:00,0.7877170332204936
2023-03-07 00:00:00-05:00,0.7555061887312816
2023-03-08 00:00:00-05:00,0.7738503675224547
2023-03-09 00:00:00-05:00,0.7409168695179129
2023-03-10 00:00:00-05:00,0.7107274957370173
2023-03-13 00:00:00-04:00,0.7391837032773575
2023-03-14 00:00:00-04:00,0.7698060903322261
2023-03-15 00:00:00-04:00,0.77558353376301
2023-03-16 00:00:00-04:00,0.8168950037604331
2023-03-17 00:00:00-04:00,0.8046170181256701
2023-03-20 00:00:00-04:00,0.8392843502575652
2023-03-21 00:00:00-04:00,0.8664397369445251
2023-03-22 00:00:00-04:00,0.8454952522201874
2023-03-23 00:00:00-04:00,0.8613842791422732
2023-03-24 00:00:00-04:00,0.8804508888198435
2023-03-27 00:00:00-04:00,0.8519955717952338
2023-03-28 00:00:00-04:00,0.8428951689159554
2023-03-29 00:00:00-04:00,0.887962611635846
2023-03-30 00:00:00-04:00,0.910929234955298
2023-03-31 00:00:00-04:00,0.9476187056823073
2023-04-03 00:00:00-04:00,0.9659628844734803
2023-04-04 00:00:00-04:00,0.9581628571897169
2023-04-05 00:00:00-04:00,0.9311512887932385
2023-04-06 00:00:00-04:00,0.9441519279433312
2023-04-10 00:00:00-04:00,0.9061625268786723
2023-04-11 00:00:00-04:00,0.8883958475387517
2023-04-12 00:00:00-04:00,0.8782849319342477
2023-04-13 00:00:00-04:00,0.9571514539487609
2023-04-14 00:00:00-04:00,0.9520957735175762
2023-04-17 00:00:00-04:00,0.9523849685010678
2023-04-18 00:00:00-04:00,0.9702961340182678
2023-04-19 00:00:00-04:00,0.9870518553750975
2023-04-20 00:00:00-04:00,0.9728957720646345
2023-04-21 00:00:00-04:00,0.9493518719228626
2023-04-24 00:00:00-04:00,0.9538296076449295
2023-04-25 00:00:00-04:00,0.9312959975994506
2023-04-26 00:00:00-04:00,0.9311512887932385
2023-04-27 00:00:00-04:00,0.998318660397837
2023-04-28 00:00:00-04:00,1.0166630618179426
2023-05-01 00:00:00-04:00,1.0153631314802931
2023-05-02 00:00:00-04:00,1.000196312815672
2023-05-03 00:00:00-04:00,0.9844519946997982
2023-05-04 00:00:00-04:00,0.96047396813939
2023-05-05 00:00:00-04:00,1.0728526007543606
2023-05-08 00:00:00-04:00,1.0718416427712698
2023-05-09 00:00:00-04:00,1.0468522129699056
2023-05-10 00:00:00-04:00,1.0727074466902833
2023-05-11 00:00:00-04:00,1.0754524614296601
2023-05-12 00:00:00-04:00,1.0618560672558388
2023-05-15 00:00:00-04:00,1.0546237437502919
2023-05-16 00:00:00-04:00,1.0546237437502919
2023-05-17 00:00:00-04:00,1.0635914597857206
2023-05-18 00:00:00-04:00,1.097727599284351
2023-05-19 00:00:00-04:00,1.0993187282658858
2023-05-22 00:00:00-04:00,1.085432693850708
2023-05-23 00:00:00-04:00,1.0472464888096005
2023-05-24 00:00:00-04:00,1.0512965543520774
2023-05-25 00:00:00-04:00,1.067930720311689
2023-05-26 00:00:00-04:00,1.1032240850021509
2023-05-30 00:00:00-04:00,1.1302730550593119
2023-05-31 00:00:00-04:00,1.1295499562861167
2023-06-01 00:00:00-04:00,1.1706290016778698
2023-06-02 00:00:00-04:00,1.1830683932887924
2023-06-05 00:00:00-04:00,1.1632521919950436
2023-06-06 00:00:00-04:00,1.1578999698255905
2023-06-07 00:00:00-04:00,1.1377947961772827
2023-06-08 00:00:00-04:00,1.1775719075709925
2023-06-09 00:00:00-04:00,1.1832128794660717
2023-06-12 00:00:00-04:00,1.2241474386805455
2023-06-13 00:00:00-04:00,1.2172045327874228
2023-06-14 00:00:00-04:00,1.2264621116931407
2023-06-15 00:00:00-04:00,1.25625876803687
2023-06-16 00:00:00-04:00,1.2404928549145309
2023-06-20 00:00:00-04:00,1.241794343654709
2023-06-21 00:00:00-04:00,1.2266068204993528
2023-06-22 00:00:00-04:00,1.2705787062417517
2023-06-23 00:00:00-04:00,1.2659500281033589
2023-06-26 00:00:00-04:00,1.2455552142136945
2023-06-27 00:00:00-04:00,1.2859111608322524
2023-06-28 00:00:00-04:00,1.3031239393877798
2023-06-29 00:00:00-04:00,1.308041812509664
2023-06-30 00:00:00-04:00,1.3713964410139734
2023-07-03 00:00:00-04:00,1.3495549843200534
2023-07-05 00:00:00-04:00,1.3332100133439333
2023-07-06 00:00:00-04:00,1.3401531418659884
2023-07-07 00:00:00-04:00,1.323807725632003
2023-07-10 00:00:00-04:00,1.2938668057399272
2023-07-11 00:00:00-04:00,1.2862005784446766
2023-07-12 00:00:00-04:00,1.3106452352478855
2023-07-13 00:00:00-04:00,1.3217829154896974
2023-07-14 00:00:00-04:00,1.3239528796960804
2023-07-17 00:00:00-04:00,1.3716858586263974
2023-07-18 00:00:00-04:00,1.367924988067412
2023-07-19 00:00:00-04:00,1.3877414119900935
2023-07-20 00:00:00-04:00,1.359246467015475
2023-07-21 00:00:00-04:00,1.342033465831015
2023-07-24 00:00:00-04:00,1.3537497586687424
2023-07-25 00:00:00-04:00,1.3663338590858771
2023-07-26 00:00:00-04:00,1.3790624456802911
2023-07-27 00:00:00-04:00,1.360547955755653
2023-07-28 00:00:00-04:00,1.3983002570070568
2023-07-31 00:00:00-04:00,1.4072686409292834
2023-08-01 00:00:00-04:00,1.3951182216729197
2023-08-02 00:00:00-04:00,1.351291044736733
2023-08-03 00:00:00-04:00,1.3308960082181358
2023-08-04 00:00:00-04:00,1.198111430266869
2023-08-07 00:00:00-04:00,1.1526931243491474
2023-08-08 00:00:00-04:00,1.1664344499581134
2023-08-09 00:00:00-04:00,1.143146350459938
2023-08-10 00:00:00-04:00,1.1399640924968681
2023-08-11 00:00:00-04:00,1.140833235849871
2023-08-14 00:00:00-04:00,1.1650218693805507
2023-08-15 00:00:00-04:00,1.1359082386021426
2023-08-16 00:00:00-04:00,1.1231627322088484
2023-08-17 00:00:00-04:00,1.0859389520435174
2023-08-18 00:00:00-04:00,1.0930361397869555
2023-08-21 00:00:00-04:00,1.1125894163112637
2023-08-22 00:00:00-04:00,1.1327219733182854
2023-08-23 00:00:00-04:00,1.1890651262182206
2023-08-24 00:00:00-04:00,1.1204108159725599
2023-08-25 00:00:00-04:00,1.1527102667769602
2023-08-28 00:00:00-04:00,1.1755951852781354
2023-08-29 00:00:00-04:00,1.2325173960318518
2023-08-30 00:00:00-04:00,1.283645911442702
2023-08-31 00:00:00-04:00,1.2868323993554918
2023-09-01 00:00:00-04:00,1.3098620266628793
2023-09-05 00:00:00-04:00,1.313338154817026
2023-09-06 00:00:00-04:00,1.2149916011970412
2023-09-07 00:00:00-04:00,1.1375015938730038
2023-09-08 00:00:00-04:00,1.14648177712866
2023-09-11 00:00:00-04:00,1.1635732229159017
2023-09-12 00:00:00-04:00,1.1192522550071329
2023-09-13 00:00:00-04:00,1.0889805085211626
2023-09-14 00:00:00-04:00,1.111140992475547
2023-09-15 00:00:00-04:00,1.1005672313200972
2023-09-18 00:00:00-04:00,1.1434404432799474
2023-09-19 00:00:00-04:00,1.1593728828438967
2023-09-20 00:00:00-04:00,1.1075199328862557
2023-09-21 00:00:00-04:00,1.0849246546264373
2023-09-22 00:00:00-04:00,1.09738096603624
2023-09-25 00:00:00-04:00,1.1160655444654104
2023-09-26 00:00:00-04:00,1.056391194846473
2023-09-27 00:00:00-04:00,1.034230488263156
2023-09-28 00:00:00-04:00,1.037996479287592
2023-09-29 00:00:00-04:00,1.0455282387075315
2023-10-02 00:00:00-04:00,1.0823176698252934
2023-10-03 00:00:00-04:00,1.0627639480431201
2023-10-04 00:00:00-04:00,1.081013954795789
2023-10-05 00:00:00-04:00,1.0991190301133131
2023-10-06 00:00:00-04:00,1.1364877417137889
2023-10-09 00:00:00-04:00,1.1582138766206043
2023-10-10 00:00:00-04:00,1.1495237788641703
2023-10-11 00:00:00-04:00,1.1699461987414814
2023-10-12 00:00:00-04:00,1.183126944698075
2023-10-13 00:00:00-04:00,1.1561863949311069
2023-10-16 00:00:00-04:00,1.154303399418889
2023-10-17 00:00:00-04:00,1.1315636349817908
2023-10-18 00:00:00-04:00,1.1125894163112637
2023-10-19 00:00:00-04:00,1.1070855838386868
2023-10-20 00:00:00-04:00,1.069716426980346
2023-10-23 00:00:00-04:00,1.0714544910574193
2023-10-24 00:00:00-04:00,1.0778274668829992
2023-10-25 00:00:00-04:00,1.0439351060656028
2023-10-26 00:00:00-04:00,0.9829572640460937
2023-10-27 00:00:00-04:00,1.0022206777001124
2023-10-30 00:00:00-04:00,1.0322025613157932
2023-10-31 00:00:00-04:00,1.0391550402530192
2023-11-01 00:00:00-04:00,1.0855041577380833
2023-11-02 00:00:00-04:00,1.1376465253081485
2023-11-03 00:00:00-04:00,1.1243212931742754
2023-11-06 00:00:00-05:00,1.1616902274036836
2023-11-07 00:00:00-05:00,1.199203870439304
2023-11-08 00:00:00-05:00,1.2147017383267518
2023-11-09 00:00:00-05:00,1.2077494820184584
2023-11-10 00:00:00-05:00,1.2690977785818705
2023-11-13 00:00:00-05:00,1.2458927196755676
2023-11-14 00:00:00-05:00,1.2841808887678214
2023-11-15 00:00:00-05:00,1.2924475462943856
2023-11-16 00:00:00-05:00,1.3171032553257314
2023-11-17 00:00:00-05:00,1.316813392455442
2023-11-20 00:00:00-05:00,1.3423384674687235
2023-11-21 00:00:00-05:00,1.33059122920936
2023-11-22 00:00:00-05:00,1.3403078689741692
2023-11-24 00:00:00-05:00,1.3208741441866854
2023-11-27 00:00:00-05:00,1.318263374693687
2023-11-28 00:00:00-05:00,1.327110425847628
2023-11-29 00:00:00-05:00,1.3121722470968218
2023-11-30 00:00:00-05:00,1.3205838360585307
2023-12-01 00:00:00-05:00,1.339292903670291
2023-12-04 00:00:00-05:00,1.3130420583366227
2023-12-05 00:00:00-05:00,1.3709097741672354
2023-12-06 00:00:00-05:00,1.354956630112551
2023-12-07 00:00:00-05:00,1.3832376286829084
2023-12-08 00:00:00-05:00,1.404122003595435
2023-12-11 00:00:00-05:00,1.3674287481765708
2023-12-12 00:00:00-05:00,1.3896190644079283
2023-12-13 00:00:00-05:00,1.436754284654123
2023-12-14 00:00:00-05:00,1.4389295919548895
2023-12-15 00:00:00-05:00,1.431097951362692
2023-12-18 00:00:00-05:00,1.4067323278305681
2023-12-19 00:00:00-05:00,1.4219610373384617
2023-12-20 00:00:00-05:00,1.391359354774328
2023-12-21 00:00:00-05:00,1.3891833795867636
2023-12-22 00:00:00-05:00,1.373520543660234
2023-12-26 00:00:00-05:00,1.365543749003959
2023-12-27 00:00:00-05:00,1.366993731242204
2023-12-28 00:00:00-05:00,1.3732302355320791
2023-12-29 00:00:00-05:00,1.358001971282051
2024-01-02 00:00:00-05:00,1.2580754201271631
2024-01-03 00:00:00-05:00,1.237916370277158
2024-01-04 00:00:00-05:00,1.203978815786437
2024-01-05 00:00:00-05:00,1.1933912516371639
2024-01-08 00:00:00-05:00,1.256915078130275
2024-01-09 00:00:00-05:00,1.2508239505334098
2024-01-10 00:00:00-05:00,1.2660519921545053
2024-01-11 00:00:00-05:00,1.2573503176935743
2024-01-12 00:00:00-05:00,1.2621363944873392
2024-01-16 00:00:00-05:00,1.228923942430207
2024-01-17 00:00:00-05:00,1.2151458830473565
2024-01-18 00:00:00-05:00,1.3014399741413365
2024-01-19 00:00:00-05:00,1.3439340490289111
2024-01-22 00:00:00-05:00,1.3777260041976893
2024-01-23 00:00:00-05:00,1.3964352944383822
2024-01-24 00:00:00-05:00,1.3865730553516304
2024-01-25 00:00:00-05:00,1.3817872011867982
2024-01-26 00:00:00-05:00,1.3564068349797287
2024-01-29 00:00:00-05:00,1.3463994418288996
2024-01-30 00:00:00-05:00,1.292882785857685
2024-01-31 00:00:00-05:00,1.2400914549489919
2024-02-01 00:00:00-05:00,1.2757695224350452
2024-02-02 00:00:00-05:00,1.2611212065545283
2024-02-05 00:00:00-05:00,1.2876616921295534
2024-02-06 00:00:00-05:00,1.311157059164011
2024-02-07 00:00:00-05:00,1.3127526407241985
2024-02-08 00:00:00-05:00,1.2969439828467937
2024-02-09 00:00:00-05:00,1.308125743617267
2024-02-12 00:00:00-05:00,1.2834386439064198
2024-02-13 00:00:00-05:00,1.2527977786501425
2024-02-14 00:00:00-05:00,1.2398737238528759
2024-02-15 00:00:00-05:00,1.2356624749631717
2024-02-16 00:00:00-05:00,1.2131535767292152
2024-02-20 00:00:00-05:00,1.202262569344762
2024-02-21 00:00:00-05:00,1.2132991760511578
2024-02-22 00:00:00-05:00,1.2430684490361732
2024-02-23 00:00:00-05:00,1.2162035931063004
2024-02-26 00:00:00-05:00,1.1964541804923419
2024-02-27 00:00:00-05:00,1.2178007330690166
2024-02-28 00:00:00-05:00,1.2002295219319485
2024-02-29 00:00:00-05:00,1.1904999696890466
2024-03-01 00:00:00-05:00,1.17467172046557
2024-03-04 00:00:00-05:00,1.1084529707429247
2024-03-05 00:00:00-05:00,1.0361350787818395
2024-03-06 00:00:00-05:00,1.0216132161350588
2024-03-07 00:00:00-05:00,1.0198709221082656
2024-03-08 00:00:00-05:00,1.0449932613824122
2024-03-11 00:00:00-04:00,1.0743270721751954
2024-03-12 00:00:00-04:00,1.0812971387980994
2024-03-13 00:00:00-04:00,1.0508020954926973
2024-03-14 00:00:00-04:00,1.0779574821796574
2024-03-15 00:00:00-04:00,1.0724391788264593
2024-03-18 00:00:00-04:00,1.0884130273718786
2024-03-19 00:00:00-04:00,1.1226838573747526
2024-03-20 00:00:00-04:00,1.1602950118828665
2024-03-21 00:00:00-04:00,1.0542871288041493
2024-03-22 00:00:00-04:00,1.0675019369874361
2024-03-25 00:00:00-04:00,1.0467360006670707
2024-03-26 00:00:00-04:00,1.0301813132364095
2024-03-27 00:00:00-04:00,1.082459039197516
2024-03-28 00:00:00-04:00,1.055884491395798
2024-04-01 00:00:00-04:00,1.034828246947278
2024-04-02 00:00:00-04:00,1.0175471213094323
2024-04-03 00:00:00-04:00,1.0293097209651474
2024-04-04 00:00:00-04:00,1.0172570358102102
2024-04-05 00:00:00-04:00,1.0282934198876734
2024-04-08 00:00:00-04:00,1.0118838865210895
2024-04-09 00:00:00-04:00,1.029600251722235
2024-04-10 00:00:00-04:00,1.002154111649255
2024-04-11 00:00:00-04:00,1.1075813784716626
2024-04-12 00:00:00-04:00,1.1295092151914445
2024-04-15 00:00:00-04:00,1.0734557025328662
2024-04-16 00:00:00-04:00,1.0253892254614634
2024-04-17 00:00:00-04:00,1.0053492820904175
2024-04-18 00:00:00-04:00,0.9914084809578115
2024-04-19 00:00:00-04:00,0.9617841394079409
2024-04-22 00:00:00-04:00,0.9739824238848209
2024-04-23 00:00:00-04:00,0.9893754335449982
2024-04-24 00:00:00-04:00,1.0201612302364202
2024-04-25 00:00:00-04:00,1.0327951995344649
2024-04-26 00:00:00-04:00,1.0242273250620468
2024-04-29 00:00:00-04:00,1.0852183021885813
2024-04-30 00:00:00-04:00,1.0391846499010595
2024-05-01 00:00:00-04:00,1.0242273250620468
2024-05-02 00:00:00-04:00,1.0783929443718894
2024-05-03 00:00:00-04:00,1.2286919630824025
2024-05-06 00:00:00-04:00,1.204440993450585
2024-05-07 00:00:00-04:00,1.214460853821642
2024-05-08 00:00:00-04:00,1.2193980956606651
2024-05-09 00:00:00-04:00,1.2459730887202485
2024-05-10 00:00:00-04:00,1.2275053508714635
2024-05-13 00:00:00-04:00,1.2744738220471155
2024-05-14 00:00:00-04:00,1.2911963716929826
2024-05-15 00:00:00-04:00,1.32449631692064
2024-05-16 00:00:00-04:00,1.3262410598656924
2024-05-17 00:00:00-04:00,1.3266771899447223
2024-05-20 00:00:00-04:00,1.3436907156055422
2024-05-21 00:00:00-04:00,1.362739960226367
2024-05-22 00:00:00-04:00,1.3416547740166047
2024-05-23 00:00:00-04:00,1.2831986499170402
2024-05-24 00:00:00-04:00,1.3282767788256973
2024-05-28 00:00:00-04:00,1.3284221555187072
2024-05-29 00:00:00-04:00,1.3327845694536697
2024-05-30 00:00:00-04:00,1.347326023446522
2024-05-31 00:00:00-04:00,1.3612855254094693
2024-06-03 00:00:00-04:00,1.387169255633224
2024-06-04 00:00:00-04:00,1.391822645583139
2024-06-05 00:00:00-04:00,1.4139252460150387
2024-06-06 00:00:00-04:00,1.3937127652212016
2024-06-07 00:00:00-04:00,1.4287572307649785
2024-06-10 00:00:00-04:00,1.3739366371353268
2024-06-11 00:00:00-04:00,1.5779513420828293
2024-06-12 00:00:00-04:00,1.664036384609066
2024-06-13 00:00:00-04:00,1.681049910269886
2024-06-14 00:00:00-04:00,1.6556025327540935
2024-06-17 00:00:00-04:00,1.7163851291996828
2024-06-18 00:00:00-04:00,1.681776571106003
2024-06-20 00:00:00-04:00,1.6147412184584564
2024-06-21 00:00:00-04:00,1.5828957080476969
2024-06-24 00:00:00-04:00,1.5923474193826717
2024-06-25 00:00:00-04:00,1.6058710138955217
2024-06-26 00:00:00-04:00,1.6666538329700433
2024-06-27 00:00:00-04:00,1.6790139686809482
2024-06-28 00:00:00-04:00,1.6284097444064511
2024-07-01 00:00:00-04:00,1.7175483653726953
2024-07-02 00:00:00-04:00,1.7687338737902996
2024-07-03 00:00:00-04:00,1.7873467657031619
2024-07-05 00:00:00-04:00,1.8569997893406185
2024-07-08 00:00:00-04:00,1.8785211056294107
2024-07-09 00:00:00-04:00,1.8910263954043929
2024-07-10 00:00:00-04:00,1.9535541800528997
2024-07-11 00:00:00-04:00,1.8748857977884308
2024-07-12 00:00:00-04:00,1.91807336180116
2024-07-15 00:00:00-04:00,1.9742030135546995
2024-07-16 00:00:00-04:00,1.980310393063647
2024-07-17 00:00:00-04:00,1.893934819780323
2024-07-18 00:00:00-04:00,1.8255904090088888
2024-07-19 00:00:00-04:00,1.827480751275884
2024-07-22 00:00:00-04:00,1.822391676504804
2024-07-23 00:00:00-04:00,1.8376597913337738
2024-07-24 00:00:00-04:00,1.74357747228946
2024-07-25 00:00:00-04:00,1.7283091348315578
2024-07-26 00:00:00-04:00,1.7351436204344877
2024-07-29 00:00:00-04:00,1.7392150583544974
2024-07-30 00:00:00-04:00,1.74735815682345
2024-07-31 00:00:00-04:00,1.7950537340930843
2024-08-01 00:00:00-04:00,1.74095980129955
2024-08-02 00:00:00-04:00,1.7627720936032947
2024-08-05 00:00:00-04:00,1.6087794382714518
2024-08-06 00:00:00-04:00,1.579115023513707
2024-08-07 00:00:00-04:00,1.6167769374184615
2024-08-08 00:00:00-04:00,1.667526315757036
2024-08-09 00:00:00-04:00,1.710132595626658
2024-08-12 00:00:00-04:00,1.7325519970296956
2024-08-13 00:00:00-04:00,1.786999464568253
2024-08-14 00:00:00-04:00,1.7935507661688725
2024-08-15 00:00:00-04:00,1.8372252196572723
2024-08-16 00:00:00-04:00,1.8565877031863132
2024-08-19 00:00:00-04:00,1.854258336664164
2024-08-20 00:00:00-04:00,1.8632843814799427
2024-08-21 00:00:00-04:00,1.8616827889385739
2024-08-22 00:00:00-04:00,1.834459277798228
2024-08-23 00:00:00-04:00,1.8680884912172506
2024-08-26 00:00:00-04:00,1.8730382002765016
2024-08-27 00:00:00-04:00,1.885412584239095
2024-08-28 00:00:00-04:00,1.8629931828360575
2024-08-29 00:00:00-04:00,1.91103517072487
2024-08-30 00:00:00-04:00,1.8995341600649998
2024-09-03 00:00:00-04:00,1.8088366913124527
2024-09-04 00:00:00-04:00,1.7808851835623938
2024-09-05 00:00:00-04:00,1.8031589856434889
2024-09-06 00:00:00-04:00,1.7804486082254987
2024-09-09 00:00:00-04:00,1.7817585568651169
2024-09-10 00:00:00-04:00,1.7701121695122364
2024-09-11 00:00:00-04:00,1.8072353214000167
2024-09-12 00:00:00-04:00,1.8088366913124527
2024-09-13 00:00:00-04:00,1.8049061775068003
2024-09-16 00:00:00-04:00,1.7149367053639661
2024-09-17 00:00:00-04:00,1.7217787603506056
2024-09-18 00:00:00-04:00,1.7785558170402447
2024-09-19 00:00:00-04:00,1.8976415915086784
2024-09-20 00:00:00-04:00,1.8878875500831866
2024-09-23 00:00:00-04:00,1.8627019841921721
2024-09-24 00:00:00-04:00,1.8758043647644784
2024-09-25 00:00:00-04:00,1.8612462136016787
2024-09-26 00:00:00-04:00,1.877988131964685
2024-09-27 00:00:00-04:00,1.8819186457703376
2024-09-30 00:00:00-04:00,1.9577669873451322
2024-10-01 00:00:00-04:00,1.8589170697084623
2024-10-02 00:00:00-04:00,1.8672151179145278
2024-10-03 00:00:00-04:00,1.8510553742103593
2024-10-04 00:00:00-04:00,1.8675063165584131
2024-10-07 00:00:00-04:00,1.7931139682030446
2024-10-08 00:00:00-04:00,1.8525113674297853
2024-10-09 00:00:00-04:00,1.9073956329341701
2024-10-10 00:00:00-04:00,1.90011655735277
2024-10-11 00:00:00-04:00,1.878424929930513
2024-10-14 00:00:00-04:00,1.9330179967910126
2024-10-15 00:00:00-04:00,1.9701413713077256
2024-10-16 00:00:00-04:00,1.9400058737285273
2024-10-17 00:00:00-04:00,1.945392380753606
2024-10-18 00:00:00-04:00,1.9868830670417994
2024-10-21 00:00:00-04:00,2.008429317771047
2024-10-22 00:00:00-04:00,1.999403272955268
2024-10-23 00:00:00-04:00,1.9251565239218422
2024-10-24 00:00:00-04:00,1.9223908046917306
2024-10-25 00:00:00-04:00,1.9346193667034488
2024-10-28 00:00:00-04:00,1.963590069707106
2024-10-29 00:00:00-04:00,1.9675208061416911
2024-10-30 00:00:00-04:00,1.915548081818293
2024-10-31 00:00:00-04:00,1.8545495353080492
2024-11-01 00:00:00-04:00,1.8108748591907167
2024-11-04 00:00:00-05:00,1.7977724786184102
2024-11-05 00:00:00-05:00,1.818736332059887
2024-11-06 00:00:00-05:00,1.8081089173316724
2024-11-07 00:00:00-05:00,1.8774057346769146
2024-11-08 00:00:00-05:00,1.8734707682926093
2024-11-11 00:00:00-05:00,1.833683193339066
2024-11-12 00:00:00-05:00,1.833683193339066
2024-11-13 00:00:00-05:00,1.8466542228411185
2024-11-14 00:00:00-05:00,1.8918343158009214
2024-11-15 00:00:00-05:00,1.844905249946346
2024-11-18 00:00:00-05:00,1.888919435185945
2024-11-19 00:00:00-05:00,1.892708579619375
2024-11-20 00:00:00-05:00,1.9032019717301443
2024-11-21 00:00:00-05:00,1.89620652540892
2024-11-22 00:00:00-05:00,1.9158815799593787
2024-11-25 00:00:00-05:00,1.9596041212972275
2024-11-26 00:00:00-05:00,1.9915215408532279
2024-11-27 00:00:00-05:00,1.989626968636513
2024-11-29 00:00:00-05:00,2.024605090758365
2024-12-02 00:00:00-05:00,2.057542596083694
2024-12-03 00:00:00-05:00,2.102139623868929
2024-12-04 00:00:00-05:00,2.1073863199243137
2024-12-05 00:00:00-05:00,2.1078235631480067
2024-12-06 00:00:00-05:00,2.1049086825330305
2024-12-09 00:00:00-05:00,2.161893897274682
2024-12-10 00:00:00-05:00,2.1767594989934493
2024-12-11 00:00:00-05:00,2.1581045302123196
2024-12-12 00:00:00-05:00,2.1795287802864833
2024-12-13 00:00:00-05:00,2.182006195048834
2024-12-16 00:00:00-05:00,2.2244170067156035
2024-12-17 00:00:00-05:00,2.2599779713830914
2024-12-18 00:00:00-05:00,2.18084028732863
2024-12-19 00:00:00-05:00,2.2061992811581668
2024-12-20 00:00:00-05:00,2.2746981964088486
2024-12-23 00:00:00-05:00,2.286066074967004
2024-12-24 00:00:00-05:00,2.328768530535524
2024-12-26 00:00:00-05:00,2.34071880638145
2024-12-27 00:00:00-05:00,2.2907297058478204
2024-12-30 00:00:00-05:00,2.241323225230894
2024-12-31 00:00:00-05:00,2.215381166226789
2025-01-02 00:00:00-05:00,2.1196289075587877
2025-01-03 00:00:00-05:00,2.1124874166577556
2025-01-06 00:00:00-05:00,2.1363890814942703
2025-01-07 00:00:00-05:00,2.095727242722273
2025-01-08 00:00:00-05:00,2.10286828836544
2025-01-10 00:00:00-05:00,2.017609421808208
2025-01-13 00:00:00-05:00,1.981902635189845
2025-01-14 00:00:00-05:00,1.965579481849123
2025-01-15 00:00:00-05:00,2.0324750235269757
2025-01-16 00:00:00-05:00,1.8924171583465572
2025-01-17 00:00:00-05:00,1.9174847309032759
2025-01-21 00:00:00-05:00,1.8105101929990624
2025-01-22 00:00:00-05:00,1.827853432109113
2025-01-23 00:00:00-05:00,1.8253760173467624
2025-01-24 00:00:00-05:00,1.8125505871666525
2025-01-27 00:00:00-05:00,1.9157357580085035
2025-01-28 00:00:00-05:00,2.0381589628060532
2025-01-29 00:00:00-05:00,2.0541906948739572
2025-01-30 00:00:00-05:00,2.028394235191795
2025-01-31 00:00:00-05:00,2.005221457480724
2025-02-03 00:00:00-05:00,1.8887736132350699
2025-02-04 00:00:00-05:00,1.9585840355278987
2025-02-05 00:00:00-05:00,1.9537745826962074
2025-02-06 00:00:00-05:00,1.9647052180306694
2025-02-07 00:00:00-05:00,1.8832354959068673
2025-02-10 00:00:00-05:00,1.8871746922408927
2025-02-11 00:00:00-05:00,1.9596880524048306
2025-02-12 00:00:00-05:00,2.0216964437535023
2025-02-13 00:00:00-05:00,2.0896868745220485
2025-02-14 00:00:00-05:00,2.134478925252271
2025-02-18 00:00:00-05:00,2.1325821267462297
2025-02-19 00:00:00-05:00,2.1384181215862963
2025-02-20 00:00:00-05:00,2.152424820882962
2025-02-21 00:00:00-05:00,2.1483395799691287
2025-02-24 00:00:00-05:00,2.170954449575019
2025-02-25 00:00:00-05:00,2.1700788499829695
2025-02-26 00:00:00-05:00,2.0726163558544743
2025-02-27 00:00:00-05:00,2.0279703497040598
2025-02-28 00:00:00-05:00,2.09420980391744
2025-03-03 00:00:00-05:00,2.0386211404702013
2025-03-04 00:00:00-05:00,2.0079816109875197
2025-03-05 00:00:00-05:00,2.0052096581472942
2025-03-06 00:00:00-05:00,1.9992276187274198
2025-03-07 00:00:00-05:00,2.053795083260667
2025-03-10 00:00:00-04:00,1.884694383302418
2025-03-11 00:00:00-04:00,1.7878153996063564
2025-03-12 00:00:00-04:00,1.731497181146876
2025-03-13 00:00:00-04:00,1.624988605598665
2025-03-14 00:00:00-04:00,1.6805774916748366
2025-03-17 00:00:00-04:00,1.6880184184902614
2025-03-18 00:00:00-04:00,1.6689052793657706
2025-03-19 00:00:00-04:00,1.7061103587007602
2025-03-20 00:00:00-04:00,1.6894775285147443
2025-03-21 00:00:00-04:00,1.7503186763696164
2025-03-24 00:00:00-04:00,1.7862104676309982
2025-03-25 00:00:00-04:00,1.830272963348979
2025-03-26 00:00:00-04:00,1.797882679940064
2025-03-27 00:00:00-04:00,1.8317320733734619
2025-03-28 00:00:00-04:00,1.7449201473821754
2025-03-31 00:00:00-04:00,1.8066368948290967
2025-04-01 00:00:00-04:00,1.8221024815213127
2025-04-02 00:00:00-04:00,1.8323155838058955
2025-04-03 00:00:00-04:00,1.5302982869393278
2025-04-04 00:00:00-04:00,1.3142173164719975
2025-04-07 00:00:00-04:00,1.2132530918621025
2025-04-08 00:00:00-04:00,1.0813574712388432
2025-04-09 00:00:00-04:00,1.4669768301459811
2025-04-10 00:00:00-04:00,1.3439812463626295
2025-04-11 00:00:00-04:00,1.4567635052324654
2025-04-14 00:00:00-04:00,1.5205228731363034
2025-04-15 00:00:00-04:00,1.5149785221979872
2025-04-16 00:00:00-04:00,1.4001536428712347
2025-04-17 00:00:00-04:00,1.4396929865648913
2025-04-21 00:00:00-04:00,1.3839585011667772
2025-04-22 00:00:00-04:00,1.479962107899722
2025-04-23 00:00:00-04:00,1.5508705360883017
2025-04-24 00:00:00-04:00,1.6058754664741743
2025-04-25 00:00:00-04:00,1.6191526107585985
2025-04-28 00:00:00-04:00,1.631700200030781
2025-04-29 00:00:00-04:00,1.647311831302805
2025-04-30 00:00:00-04:00,1.6661331038966125
2025-05-01 00:00:00-04:00,1.6780971827363615
2025-05-02 00:00:00-04:00,1.561813193385126
